271	195	13	5
271	193	NaN	4
271	190	NaN	4
271	185	46	7
271	172	NaN	6
271	170	NaN	11
271	151	NaN	2
271	147	NaN	13
271	145	NaN	6
271	140	NaN	6
271	135	4	4
271	128	NaN	7
271	114	2	4
271	109	NaN	11
271	103	NaN	7
271	100	1	1
271	98	NaN	1
271	93	1	9
271	92	NaN	7
271	90	13	10
271	89	7	24
271	8	NaN	2
270	270	1	NaN
270	267	4	NaN
270	263	1	NaN
270	262	1	NaN
270	261	3	NaN
270	249	3	NaN
270	242	1	NaN
270	241	1	NaN
270	233	1	NaN
270	232	1	NaN
270	223	16	NaN
270	203	16	NaN
270	202	6	NaN
270	188	1	NaN
270	175	8	NaN
270	174	11	NaN
270	168	1	NaN
270	164	1	NaN
270	154	1	NaN
270	136	5	NaN
270	127	1	NaN
270	123	1	NaN
270	122	2	NaN
270	121	18	NaN
270	119	6	NaN
270	117	2	NaN
270	116	3	NaN
270	115	2	NaN
270	111	33	NaN
270	110	10	NaN
270	105	15	NaN
270	104	2	NaN
270	103	1	NaN
270	102	50	NaN
270	101	2	NaN
270	99	71	NaN
270	98	1	NaN
270	97	7	NaN
270	96	7	NaN
270	92	3	NaN
270	89	18	NaN
269	270	NaN	1
269	269	2	NaN
269	263	NaN	1
269	217	2	NaN
269	210	NaN	1
269	201	1	NaN
269	184	NaN	1
269	182	1	NaN
269	177	NaN	2
269	173	NaN	3
269	171	11	4
269	166	8	NaN
269	162	NaN	7
269	157	NaN	1
269	146	2	2
269	140	NaN	1
269	135	5	NaN
269	132	11	3
269	129	1	NaN
269	124	7	2
269	118	NaN	3
269	109	NaN	6
269	92	1	NaN
269	89	NaN	5
269	42	NaN	14
269	8	NaN	5
267	270	4	NaN
267	116	5	NaN
267	112	9	NaN
267	110	8	NaN
266	149	1	NaN
266	140	2	NaN
266	116	5	NaN
266	113	4	NaN
266	110	23	NaN
265	138	2	NaN
264	270	NaN	2
264	257	NaN	1
264	254	NaN	2
264	245	1	8
264	226	NaN	5
264	225	5	NaN
264	221	9	2
264	219	2	1
264	94	1	13
264	90	NaN	13
263	270	1	NaN
263	246	2	NaN
263	237	1	1
263	232	NaN	3
263	214	1	NaN
263	205	NaN	5
263	196	NaN	5
263	171	NaN	9
263	153	6	5
263	151	NaN	1
263	149	5	1
263	146	3	12
263	145	2	1
263	143	2	1
263	142	1	2
263	141	3	8
263	140	NaN	4
263	130	2	NaN
263	127	16	NaN
263	118	1	1
263	114	1	6
263	111	NaN	2
263	109	NaN	2
263	103	NaN	1
263	96	1	NaN
263	94	NaN	5
263	93	11	9
263	92	1	NaN
263	91	NaN	2
263	90	1	6
263	89	8	26
262	270	1	NaN
262	105	3	NaN
261	270	3	NaN
261	136	5	NaN
261	122	3	NaN
261	110	3	NaN
260	270	NaN	1
260	257	NaN	5
260	248	NaN	3
260	243	NaN	13
260	230	NaN	2
260	227	NaN	1
260	226	NaN	3
260	225	NaN	1
260	221	NaN	1
260	219	6	2
260	209	NaN	1
260	145	NaN	1
260	107	NaN	1
260	99	NaN	1
260	85	NaN	3
260	73	NaN	5
260	68	NaN	1
260	48	NaN	9
260	44	NaN	1
260	43	NaN	1
260	36	NaN	1
260	26	NaN	1
260	16	NaN	1
260	9	NaN	1
257	260	NaN	6
257	254	1	NaN
257	243	NaN	1
257	235	NaN	3
257	234	NaN	9
257	230	NaN	5
257	226	NaN	2
257	225	NaN	17
257	211	NaN	18
257	180	2	NaN
257	143	11	8
257	94	NaN	3
257	90	NaN	3
257	68	NaN	1
257	48	NaN	3
257	36	NaN	2
257	26	NaN	3
256	233	NaN	5
256	211	NaN	4
256	206	11	NaN
256	203	NaN	2
256	200	15	NaN
256	188	NaN	2
256	179	1	NaN
256	161	NaN	11
256	105	2	NaN
256	104	1	1
256	97	NaN	2
256	96	3	NaN
254	264	NaN	13
254	257	1	2
254	227	NaN	5
254	226	NaN	3
254	221	NaN	46
254	215	NaN	1
254	197	NaN	5
254	172	NaN	2
254	146	NaN	40
254	141	NaN	2
254	89	2	7
253	236	1	2
253	134	NaN	1
253	129	1	3
253	120	1	NaN
253	91	NaN	2
252	245	1	NaN
252	133	3	NaN
252	130	1	NaN
252	116	7	NaN
252	112	1	NaN
252	110	7	NaN
251	166	NaN	1
251	163	1	1
251	91	1	NaN
251	18	NaN	1
250	171	NaN	1
250	146	1	NaN
250	89	1	NaN
249	270	3	NaN
249	217	1	NaN
249	184	2	NaN
249	164	7	NaN
249	160	6	NaN
249	157	3	NaN
249	154	2	NaN
249	124	2	NaN
249	117	13	NaN
249	103	7	NaN
249	100	1	NaN
249	91	2	NaN
248	260	NaN	2
248	254	NaN	1
248	245	NaN	3
248	243	1	NaN
248	234	NaN	2
248	232	NaN	5
248	227	NaN	4
248	226	2	17
248	225	NaN	6
248	224	4	1
248	216	9	10
248	214	NaN	7
248	209	NaN	1
248	208	NaN	1
248	197	NaN	4
248	183	NaN	6
248	180	2	NaN
248	169	NaN	4
248	159	NaN	4
248	151	NaN	20
248	147	NaN	3
248	146	NaN	5
248	145	NaN	19
248	141	2	2
248	129	2	NaN
248	127	NaN	3
248	114	NaN	14
248	93	NaN	18
248	90	NaN	6
248	89	NaN	2
247	236	15	NaN
247	201	20	NaN
247	196	1	NaN
247	179	1	NaN
247	167	1	NaN
247	160	2	NaN
247	148	1	NaN
247	139	5	NaN
247	135	1	NaN
247	122	10	2
247	121	21	1
247	118	58	NaN
247	113	1	1
247	95	1	NaN
247	91	11	NaN
247	76	NaN	3
247	60	NaN	9
247	59	1	3
247	47	1	5
247	45	NaN	5
247	18	NaN	3
247	10	NaN	7
247	4	1	10
247	3	1	18
246	263	2	NaN
245	264	1	NaN
245	252	1	NaN
245	245	NaN	6
245	231	NaN	31
245	226	NaN	52
245	225	2	NaN
245	219	11	NaN
245	200	1	NaN
245	145	NaN	1
245	139	1	NaN
245	131	NaN	2
245	73	NaN	2
245	26	NaN	10
245	16	NaN	2
244	205	3	4
244	196	3	4
244	153	NaN	1
244	119	NaN	1
244	116	1	3
243	270	NaN	2
243	260	NaN	6
243	248	1	6
243	243	NaN	3
243	232	NaN	3
243	230	2	9
243	227	5	5
243	226	NaN	4
243	220	NaN	5
243	208	8	8
243	204	NaN	8
243	181	7	NaN
243	165	NaN	3
243	156	13	4
243	151	NaN	1
243	143	NaN	9
243	142	NaN	3
243	141	NaN	5
243	140	1	3
243	117	NaN	6
243	107	NaN	4
243	103	NaN	2
243	94	5	16
243	90	3	1
243	89	2	5
243	73	1	1
243	48	NaN	2
243	36	NaN	1
243	26	NaN	2
243	15	NaN	14
242	270	1	NaN
242	212	9	NaN
242	163	7	NaN
242	148	1	NaN
242	122	5	NaN
242	112	1	NaN
242	110	NaN	1
242	102	1	NaN
242	97	NaN	1
242	95	3	NaN
241	270	1	1
241	236	1	1
241	202	NaN	2
241	201	6	2
241	190	NaN	2
241	160	1	NaN
241	140	NaN	1
241	89	1	1
241	7	NaN	1
240	240	NaN	1
240	221	NaN	12
240	170	NaN	26
240	132	NaN	8
240	128	NaN	4
240	94	NaN	14
240	93	NaN	5
240	91	NaN	9
240	14	8	NaN
238	237	18	NaN
238	236	8	NaN
238	173	NaN	4
238	134	3	1
238	133	2	NaN
238	127	2	NaN
238	118	1	NaN
238	112	NaN	1
238	108	NaN	4
238	105	NaN	2
238	95	NaN	2
238	94	NaN	3
238	91	NaN	2
238	83	NaN	2
238	79	NaN	2
238	69	NaN	3
238	68	NaN	9
238	65	NaN	7
238	56	NaN	2
238	53	NaN	2
238	51	NaN	9
238	49	NaN	2
238	44	NaN	5
238	43	NaN	8
238	36	NaN	5
238	34	NaN	4
238	31	NaN	2
238	13	NaN	3
237	263	1	NaN
237	238	18	NaN
237	235	1	NaN
237	231	NaN	1
237	222	3	NaN
237	173	1	8
237	156	NaN	1
237	131	NaN	2
237	108	NaN	2
237	95	NaN	3
237	94	1	NaN
237	91	NaN	1
237	81	NaN	3
237	80	NaN	2
237	75	NaN	6
237	68	1	11
237	65	NaN	8
237	62	NaN	2
237	55	NaN	6
237	51	NaN	8
237	43	NaN	8
237	33	NaN	2
237	7	NaN	6
237	2	NaN	2
236	253	1	NaN
236	247	15	NaN
236	241	1	NaN
236	238	8	NaN
236	202	1	NaN
236	201	3	6
236	154	1	NaN
236	149	1	NaN
236	146	1	NaN
236	134	1	NaN
236	129	1	NaN
236	122	1	NaN
236	118	8	NaN
236	112	3	NaN
236	105	1	3
236	95	1	NaN
236	94	1	NaN
236	91	4	5
236	83	NaN	2
236	65	NaN	2
236	55	NaN	4
236	51	NaN	5
236	49	NaN	2
236	47	1	13
236	10	NaN	3
236	7	NaN	6
236	3	1	21
235	257	NaN	12
235	237	1	1
235	234	NaN	11
235	231	NaN	3
235	226	NaN	2
235	225	NaN	13
235	220	NaN	6
235	215	4	3
235	211	NaN	15
235	208	1	NaN
235	172	5	NaN
235	143	62	6
235	140	NaN	2
235	128	4	NaN
235	116	1	NaN
235	102	NaN	3
235	94	NaN	4
235	90	NaN	1
235	79	NaN	2
235	46	NaN	1
235	6	NaN	2
234	270	NaN	4
234	257	NaN	4
234	235	NaN	13
234	231	NaN	2
234	230	1	NaN
234	227	2	NaN
234	225	2	13
234	224	NaN	1
234	211	2	37
234	208	1	NaN
234	107	2	NaN
234	94	NaN	4
233	270	1	NaN
233	237	NaN	1
233	222	NaN	5
233	175	3	NaN
233	174	5	NaN
233	173	NaN	1
233	166	7	NaN
233	131	NaN	2
233	121	4	NaN
233	116	5	NaN
233	110	8	NaN
233	90	8	NaN
233	86	NaN	1
233	73	NaN	2
233	40	NaN	1
233	5	NaN	2
232	270	1	NaN
232	248	NaN	7
232	243	NaN	15
232	232	NaN	17
232	231	NaN	12
232	229	6	NaN
232	227	NaN	1
232	220	NaN	10
232	214	NaN	17
232	211	2	6
232	209	14	1
232	208	NaN	20
232	204	NaN	2
232	193	1	NaN
232	192	3	NaN
232	189	NaN	19
232	183	1	6
232	177	NaN	5
232	176	2	33
232	170	NaN	12
232	157	3	26
232	151	7	86
232	150	NaN	2
232	146	NaN	3
232	144	NaN	5
232	141	NaN	19
232	132	NaN	12
232	128	NaN	5
232	117	NaN	2
232	114	NaN	41
232	107	NaN	39
232	93	NaN	9
232	91	NaN	28
232	90	NaN	9
231	257	NaN	1
231	245	NaN	28
231	235	NaN	7
231	226	NaN	39
231	225	NaN	7
231	191	6	NaN
231	143	1	4
231	110	NaN	2
231	84	NaN	39
231	46	NaN	1
231	12	NaN	2
230	260	NaN	3
230	257	NaN	18
230	243	2	28
230	234	1	NaN
230	230	NaN	5
230	226	NaN	1
230	225	2	NaN
230	220	NaN	2
230	208	NaN	15
230	165	18	1
230	156	NaN	5
230	143	NaN	3
230	140	NaN	5
230	131	3	NaN
230	94	NaN	17
230	90	NaN	3
230	89	4	NaN
230	48	NaN	3
230	38	NaN	4
230	26	NaN	1
230	1	NaN	3
229	232	6	NaN
229	229	NaN	25
229	220	NaN	1
229	219	NaN	62
229	215	3	NaN
229	213	7	9
229	211	10	15
229	193	2	NaN
229	173	NaN	10
229	165	2	1
229	156	NaN	2
229	146	2	NaN
229	135	2	NaN
229	125	3	NaN
229	93	15	NaN
229	89	15	NaN
229	61	NaN	1
229	41	NaN	1
228	269	NaN	2
228	192	2	5
228	184	33	21
228	182	3	8
228	178	NaN	5
228	177	NaN	4
228	171	NaN	3
228	166	1	NaN
228	159	NaN	2
228	157	3	6
228	155	NaN	7
228	146	1	2
228	132	4	10
228	129	NaN	14
228	124	NaN	2
228	120	1	NaN
228	117	2	NaN
228	109	1	4
228	101	1	5
228	93	1	NaN
228	91	NaN	2
228	89	NaN	5
228	83	NaN	4
228	81	NaN	1
228	75	NaN	1
228	74	NaN	2
228	67	NaN	8
228	49	NaN	4
228	42	NaN	18
228	39	NaN	2
228	37	NaN	8
228	17	NaN	7
228	8	NaN	9
228	2	NaN	4
228	1	NaN	6
228	0	NaN	43
227	270	NaN	4
227	260	NaN	7
227	254	NaN	8
227	248	NaN	12
227	245	NaN	2
227	243	5	17
227	234	2	3
227	232	NaN	2
227	230	NaN	14
227	227	NaN	8
227	226	NaN	1
227	225	2	7
227	221	NaN	1
227	220	NaN	5
227	215	1	8
227	211	4	NaN
227	208	13	2
227	204	1	2
227	197	NaN	8
227	187	1	1
227	181	3	2
227	165	8	11
227	156	1	2
227	153	NaN	11
227	146	NaN	3
227	143	NaN	34
227	142	NaN	6
227	141	4	40
227	140	17	1
227	136	NaN	3
227	127	1	5
227	125	NaN	13
227	117	NaN	15
227	114	NaN	5
227	103	NaN	6
227	94	20	48
227	93	1	NaN
227	90	2	19
227	89	NaN	3
227	73	1	9
227	70	NaN	1
227	48	NaN	2
227	26	NaN	2
227	16	NaN	2
227	1	NaN	2
226	257	NaN	6
226	248	2	NaN
226	245	NaN	39
226	231	NaN	42
226	225	NaN	4
226	219	NaN	2
226	211	NaN	2
226	173	NaN	1
226	116	NaN	1
226	110	2	4
226	73	1	NaN
226	70	1	NaN
226	48	NaN	1
226	26	NaN	48
225	270	NaN	28
225	264	5	1
225	257	NaN	11
225	245	2	5
225	243	NaN	2
225	235	NaN	15
225	234	2	5
225	231	NaN	2
225	230	2	27
225	227	2	9
225	226	NaN	1
225	225	2	23
225	224	NaN	1
225	220	NaN	5
225	219	14	12
225	211	7	80
225	208	1	NaN
225	193	NaN	3
225	140	1	NaN
225	107	20	NaN
225	94	NaN	4
225	48	NaN	6
225	44	NaN	4
225	36	NaN	8
225	26	NaN	14
225	16	NaN	7
224	270	NaN	1
224	264	NaN	2
224	254	NaN	2
224	248	4	17
224	245	NaN	2
224	243	NaN	2
224	232	NaN	2
224	230	NaN	30
224	227	NaN	38
224	226	NaN	17
224	225	NaN	18
224	224	NaN	36
224	219	1	NaN
224	216	1	7
224	214	11	15
224	209	NaN	10
224	200	2	NaN
224	197	NaN	11
224	189	NaN	2
224	183	5	29
224	182	NaN	5
224	181	NaN	2
224	180	NaN	5
224	169	NaN	3
224	162	NaN	10
224	159	NaN	23
224	156	NaN	3
224	155	3	4
224	151	NaN	1
224	146	NaN	33
224	145	11	99
224	127	NaN	8
224	124	NaN	2
224	120	NaN	3
224	114	3	27
224	103	NaN	8
224	99	NaN	2
224	93	1	10
223	270	16	NaN
223	223	3	NaN
223	203	9	NaN
223	174	3	NaN
223	116	14	NaN
223	110	24	NaN
223	105	4	NaN
223	97	3	NaN
223	96	3	NaN
222	237	3	1
222	222	NaN	3
222	207	NaN	2
222	199	4	NaN
222	135	1	NaN
222	131	1	NaN
222	126	1	NaN
222	118	16	NaN
222	114	NaN	3
222	112	NaN	6
222	111	2	NaN
222	104	3	NaN
222	94	1	10
222	92	2	NaN
222	91	NaN	1
222	90	1	NaN
222	81	3	9
222	75	3	9
222	73	2	NaN
222	68	NaN	23
222	64	NaN	1
222	43	NaN	23
222	6	NaN	1
222	2	NaN	2
221	270	NaN	2
221	264	9	NaN
221	263	NaN	6
221	260	NaN	2
221	257	NaN	3
221	254	NaN	29
221	248	NaN	1
221	245	NaN	10
221	240	NaN	28
221	230	NaN	1
221	226	NaN	9
221	225	NaN	4
221	221	4	NaN
221	193	13	NaN
221	191	NaN	5
221	181	NaN	10
221	176	NaN	2
221	172	NaN	3
221	153	NaN	2
221	146	NaN	65
221	142	NaN	9
221	141	NaN	8
221	140	1	9
221	136	NaN	14
221	132	NaN	10
221	127	NaN	4
221	125	NaN	5
221	94	18	25
221	93	4	60
221	90	NaN	8
221	89	NaN	23
221	9	NaN	7
220	246	NaN	1
220	243	NaN	4
220	235	NaN	20
220	227	NaN	6
220	220	NaN	1
220	215	NaN	3
220	211	6	NaN
220	208	NaN	44
220	206	NaN	1
220	165	51	10
220	156	NaN	34
220	143	NaN	1
220	140	3	4
220	131	12	3
220	103	NaN	17
220	94	NaN	26
220	93	2	NaN
220	90	NaN	6
220	89	5	4
220	30	NaN	2
219	270	NaN	3
219	264	2	NaN
219	260	6	NaN
219	245	11	2
219	238	NaN	2
219	229	NaN	81
219	225	14	23
219	224	1	NaN
219	219	NaN	4
219	200	1	NaN
219	173	1	28
219	165	6	10
219	156	NaN	4
219	151	1	1
219	149	NaN	2
219	146	17	NaN
219	145	NaN	6
219	140	2	14
219	135	NaN	1
219	130	NaN	4
219	128	NaN	5
219	103	NaN	1
219	93	3	NaN
219	92	NaN	7
219	89	13	NaN
219	22	NaN	4
218	187	NaN	2
218	180	NaN	1
218	150	NaN	23
218	142	NaN	1
218	128	NaN	14
218	73	4	NaN
218	14	1	NaN
217	269	2	NaN
217	250	NaN	2
217	249	1	2
217	201	NaN	1
217	171	7	3
217	166	NaN	1
217	160	1	NaN
217	154	1	NaN
217	124	NaN	2
217	117	NaN	3
217	109	NaN	3
217	59	NaN	1
217	18	NaN	1
217	4	NaN	3
217	0	NaN	1
216	248	9	11
216	232	NaN	1
216	227	NaN	1
216	224	1	1
216	216	NaN	18
216	215	NaN	1
216	214	8	8
216	209	NaN	19
216	204	NaN	12
216	197	NaN	1
216	189	2	NaN
216	186	NaN	2
216	183	5	5
216	182	NaN	3
216	172	NaN	5
216	165	NaN	2
216	156	NaN	3
216	151	NaN	4
216	147	NaN	2
216	146	NaN	75
216	145	NaN	33
216	136	1	NaN
216	127	NaN	29
216	114	NaN	11
216	103	NaN	2
216	94	NaN	2
216	93	NaN	17
216	90	NaN	16
215	270	NaN	10
215	263	NaN	8
215	235	4	3
215	231	NaN	4
215	229	3	5
215	227	1	3
215	220	NaN	2
215	211	NaN	3
215	208	NaN	3
215	198	NaN	2
215	197	NaN	3
215	193	NaN	8
215	187	3	4
215	185	NaN	1
215	181	NaN	4
215	172	NaN	2
215	153	NaN	5
215	146	NaN	3
215	143	1	13
215	142	NaN	22
215	141	NaN	32
215	132	NaN	1
215	131	NaN	2
215	125	NaN	16
215	116	NaN	1
215	114	NaN	5
215	102	13	NaN
215	97	NaN	12
215	94	NaN	43
215	92	NaN	5
215	90	1	NaN
215	89	NaN	4
215	79	NaN	3
215	46	NaN	10
215	6	NaN	4
214	263	1	35
214	248	NaN	4
214	232	NaN	9
214	229	NaN	1
214	227	NaN	11
214	224	11	13
214	216	8	19
214	214	NaN	17
214	209	NaN	10
214	197	NaN	11
214	192	1	4
214	189	NaN	9
214	183	NaN	2
214	180	NaN	1
214	173	NaN	1
214	172	NaN	4
214	170	NaN	1
214	156	NaN	3
214	151	NaN	58
214	147	NaN	7
214	146	NaN	21
214	145	NaN	7
214	144	NaN	2
214	141	NaN	2
214	134	NaN	2
214	127	NaN	19
214	107	NaN	1
214	103	NaN	7
214	94	NaN	11
214	93	NaN	108
214	91	NaN	1
214	89	NaN	28
214	14	NaN	1
213	229	7	10
213	220	NaN	3
213	211	NaN	3
213	41	NaN	12
213	12	NaN	4
212	242	9	NaN
212	179	2	NaN
212	163	4	NaN
212	161	1	NaN
212	148	2	NaN
212	122	3	NaN
212	102	1	NaN
211	270	NaN	8
211	235	NaN	13
211	234	2	51
211	232	2	NaN
211	231	NaN	1
211	229	10	2
211	227	4	7
211	226	NaN	6
211	225	7	91
211	220	6	26
211	215	NaN	2
211	213	NaN	19
211	211	NaN	21
211	209	2	NaN
211	143	NaN	3
211	142	NaN	2
211	132	NaN	1
211	131	NaN	3
211	125	NaN	1
211	107	24	21
211	94	NaN	3
211	84	NaN	11
211	79	NaN	2
211	46	NaN	1
211	30	NaN	10
211	5	NaN	1
210	199	2	NaN
210	166	5	NaN
210	136	5	NaN
210	134	1	NaN
210	129	29	NaN
210	118	5	NaN
210	111	8	NaN
209	263	NaN	4
209	248	NaN	2
209	232	14	20
209	231	NaN	21
209	224	NaN	18
209	220	NaN	34
209	216	NaN	12
209	214	NaN	17
209	211	2	1
209	209	NaN	3
209	208	NaN	1
209	159	NaN	5
209	151	NaN	12
209	147	NaN	3
209	146	NaN	11
209	145	NaN	19
209	141	NaN	1
209	131	2	21
209	129	NaN	2
209	114	NaN	7
209	93	NaN	20
209	90	NaN	4
209	89	NaN	15
208	270	NaN	6
208	243	8	11
208	235	1	NaN
208	234	1	NaN
208	232	NaN	8
208	230	NaN	18
208	227	13	NaN
208	225	1	NaN
208	220	NaN	26
208	216	NaN	2
208	215	NaN	5
208	211	NaN	2
208	209	NaN	14
208	208	1	2
208	204	1	15
208	191	3	1
208	181	6	2
208	172	1	6
208	165	NaN	6
208	156	10	6
208	147	10	4
208	145	NaN	2
208	143	6	24
208	141	2	8
208	140	19	NaN
208	117	NaN	10
208	114	NaN	2
208	108	NaN	2
208	107	NaN	11
208	105	NaN	2
208	94	19	24
208	93	2	NaN
208	90	3	15
207	149	2	NaN
207	143	17	NaN
207	130	18	NaN
207	126	1	NaN
207	122	2	NaN
207	110	7	NaN
206	270	NaN	1
206	256	11	NaN
206	194	3	NaN
206	174	2	NaN
206	168	1	NaN
206	151	1	NaN
206	139	2	10
206	131	NaN	1
206	127	1	NaN
206	123	4	18
206	122	2	NaN
206	119	NaN	8
206	116	NaN	5
206	115	NaN	5
206	110	1	3
206	104	NaN	19
206	96	1	NaN
205	244	3	1
205	191	2	NaN
205	158	3	1
205	119	NaN	1
205	116	NaN	6
205	112	NaN	3
205	96	NaN	1
204	227	1	1
204	220	NaN	3
204	208	1	2
204	204	NaN	1
204	193	NaN	4
204	186	NaN	3
204	182	NaN	1
204	181	NaN	5
204	180	NaN	3
204	165	NaN	3
204	147	6	4
204	141	NaN	6
204	140	NaN	4
204	128	1	2
204	127	NaN	4
204	109	NaN	4
204	103	NaN	2
204	93	NaN	9
204	92	NaN	2
204	90	NaN	4
204	89	NaN	5
203	270	16	NaN
203	223	9	NaN
203	188	2	NaN
203	174	2	NaN
203	130	1	NaN
203	116	17	NaN
203	110	85	NaN
203	105	2	NaN
203	97	2	NaN
203	96	3	NaN
203	89	1	NaN
202	270	6	3
202	247	NaN	1
202	241	NaN	1
202	236	1	1
202	202	NaN	3
202	201	9	2
202	190	NaN	3
202	160	1	NaN
202	140	NaN	1
202	133	3	NaN
202	121	NaN	1
202	108	NaN	1
202	99	3	1
202	89	2	2
202	7	NaN	3
202	4	NaN	1
202	0	NaN	3
201	269	1	NaN
201	247	20	NaN
201	241	6	NaN
201	236	3	NaN
201	202	9	NaN
201	190	1	NaN
201	173	7	NaN
201	171	1	NaN
201	164	4	NaN
201	161	2	NaN
201	157	9	NaN
201	134	2	NaN
201	129	1	NaN
201	118	2	NaN
201	117	3	NaN
201	110	1	NaN
201	103	4	NaN
201	98	1	NaN
201	93	5	NaN
201	91	25	NaN
201	76	1	NaN
201	55	5	NaN
201	47	1	NaN
201	18	1	NaN
201	10	1	NaN
201	7	5	NaN
201	3	1	NaN
200	270	NaN	10
200	256	15	NaN
200	245	1	4
200	224	2	NaN
200	219	1	NaN
200	174	2	6
200	139	3	19
200	123	2	16
200	119	3	NaN
200	116	3	NaN
200	115	2	5
200	110	2	4
200	104	NaN	9
200	96	6	NaN
199	222	4	10
199	210	2	NaN
199	173	NaN	7
199	171	3	NaN
199	152	3	1
199	143	NaN	4
199	135	1	NaN
199	131	1	7
199	118	17	NaN
199	111	2	NaN
199	109	3	NaN
199	104	10	NaN
199	92	10	NaN
199	90	5	NaN
199	88	NaN	2
199	86	NaN	3
199	85	NaN	1
199	80	NaN	1
199	73	NaN	3
199	71	NaN	1
199	64	NaN	1
199	40	NaN	3
199	14	NaN	2
199	5	NaN	8
198	221	NaN	2
198	215	NaN	1
198	194	NaN	3
198	191	NaN	8
198	180	3	2
198	147	NaN	6
198	142	NaN	2
198	138	2	NaN
198	137	4	4
198	136	NaN	4
198	131	NaN	2
198	127	NaN	7
198	116	NaN	27
198	115	NaN	16
198	97	NaN	2
198	96	1	NaN
197	270	NaN	2
197	254	NaN	8
197	243	NaN	12
197	227	NaN	5
197	215	NaN	8
197	197	NaN	5
197	187	1	NaN
197	181	NaN	2
197	165	6	NaN
197	153	NaN	11
197	146	NaN	3
197	143	NaN	20
197	142	NaN	6
197	141	4	37
197	136	NaN	3
197	127	1	5
197	125	NaN	13
197	114	NaN	5
197	103	NaN	6
197	94	NaN	38
197	89	NaN	3
197	1	NaN	2
196	270	NaN	6
196	256	NaN	4
196	247	1	NaN
196	244	3	1
196	242	NaN	1
196	191	2	NaN
196	174	NaN	2
196	166	1	NaN
196	158	3	2
196	139	1	NaN
196	119	NaN	1
196	116	NaN	30
196	113	NaN	4
196	112	NaN	3
196	110	6	9
196	104	NaN	5
196	97	NaN	29
196	96	2	29
195	271	13	7
195	218	NaN	13
195	193	NaN	24
195	187	35	10
195	186	NaN	4
195	183	NaN	2
195	180	NaN	3
195	146	NaN	24
195	145	NaN	13
195	136	NaN	1
195	135	NaN	1
195	132	NaN	8
195	128	NaN	4
195	124	NaN	1
195	114	1	9
195	109	NaN	3
195	103	NaN	23
195	100	NaN	8
195	92	NaN	8
195	48	NaN	1
194	256	NaN	1
194	207	NaN	1
194	206	3	NaN
194	198	NaN	6
194	191	NaN	3
194	181	NaN	7
194	153	NaN	10
194	142	NaN	3
194	138	1	NaN
194	135	1	NaN
194	125	NaN	3
194	116	NaN	12
194	115	NaN	9
194	96	1	3
193	271	NaN	4
193	235	NaN	1
193	232	1	NaN
193	231	NaN	12
193	229	2	NaN
193	221	13	2
193	216	NaN	6
193	215	NaN	7
193	214	NaN	1
193	213	NaN	2
193	207	NaN	12
193	204	NaN	4
193	195	NaN	10
193	193	NaN	1
193	187	NaN	12
193	186	NaN	13
193	182	4	NaN
193	180	NaN	16
193	172	NaN	2
193	165	NaN	3
193	159	5	NaN
193	157	NaN	1
193	156	NaN	2
193	155	NaN	3
193	153	1	NaN
193	152	1	2
193	151	NaN	10
193	150	NaN	2
193	146	NaN	98
193	145	NaN	15
193	142	NaN	4
193	140	NaN	13
193	136	NaN	6
193	127	NaN	38
193	125	2	NaN
193	114	NaN	14
193	110	NaN	14
193	103	NaN	39
193	100	NaN	7
193	94	1	9
193	92	NaN	3
193	91	NaN	2
193	89	NaN	22
193	2	5	NaN
192	232	3	NaN
192	228	2	4
192	214	1	NaN
192	184	1	1
192	178	80	2
192	177	9	14
192	176	6	9
192	157	2	6
192	155	NaN	13
192	144	1	NaN
192	132	5	7
192	129	NaN	3
192	117	3	NaN
192	101	2	1
192	17	NaN	21
192	0	NaN	122
191	271	NaN	1
191	231	6	NaN
191	221	NaN	22
191	208	3	NaN
191	205	2	NaN
191	196	2	NaN
191	193	NaN	2
191	153	NaN	2
191	147	NaN	72
191	146	NaN	10
191	125	4	14
191	93	NaN	24
191	89	NaN	39
190	271	NaN	1
190	270	NaN	3
190	241	NaN	1
190	202	NaN	1
190	201	1	NaN
190	195	NaN	1
190	156	1	NaN
190	154	3	1
190	145	NaN	1
190	140	5	NaN
190	134	2	1
190	129	2	NaN
190	128	6	1
190	117	1	NaN
190	107	NaN	1
190	106	NaN	1
190	100	NaN	3
190	92	3	4
189	263	NaN	10
189	216	2	NaN
189	183	31	2
189	176	NaN	3
189	172	NaN	1
189	170	NaN	20
189	157	NaN	2
189	153	1	NaN
189	151	4	61
189	150	NaN	7
189	134	7	NaN
189	128	14	NaN
189	103	1	12
189	94	NaN	2
188	270	1	NaN
188	203	2	NaN
188	161	1	NaN
188	108	1	NaN
188	105	7	NaN
188	104	1	NaN
188	96	2	NaN
187	233	NaN	8
187	227	1	NaN
187	221	NaN	21
187	218	NaN	3
187	215	3	NaN
187	198	NaN	17
187	197	1	NaN
187	195	35	1
187	193	NaN	41
187	189	NaN	13
187	185	24	18
187	183	NaN	3
187	180	NaN	9
187	146	NaN	44
187	145	NaN	26
187	142	2	NaN
187	140	NaN	5
187	136	1	NaN
187	110	2	8
187	103	NaN	43
187	100	19	NaN
187	98	11	NaN
187	97	14	21
187	94	2	NaN
187	90	2	NaN
186	218	NaN	11
186	195	NaN	2
186	193	NaN	4
186	180	NaN	8
186	178	NaN	1
186	162	NaN	1
186	150	NaN	23
186	146	NaN	4
186	132	NaN	2
186	128	NaN	1
186	94	6	NaN
186	91	8	NaN
186	90	NaN	2
186	73	1	NaN
186	14	12	NaN
185	271	46	20
185	221	NaN	1
185	199	NaN	1
185	193	NaN	3
185	191	NaN	6
185	189	NaN	6
185	187	24	4
185	183	NaN	7
185	170	NaN	2
185	153	3	5
185	152	NaN	1
185	151	NaN	6
185	150	1	2
185	147	4	60
185	145	NaN	2
185	140	NaN	21
185	135	59	1
185	125	NaN	2
185	114	NaN	3
185	110	NaN	4
185	106	3	NaN
185	104	NaN	11
185	103	NaN	23
185	100	13	NaN
185	96	7	15
185	93	NaN	44
185	92	5	4
185	91	NaN	27
185	89	3	37
185	2	NaN	3
184	269	NaN	6
184	249	2	1
184	228	33	37
184	217	NaN	1
184	192	1	NaN
184	182	NaN	14
184	178	NaN	4
184	177	NaN	12
184	171	NaN	2
184	167	NaN	1
184	166	1	NaN
184	162	NaN	3
184	160	1	NaN
184	157	12	9
184	155	NaN	17
184	146	6	4
184	140	NaN	6
184	135	1	1
184	132	NaN	7
184	129	NaN	10
184	124	1	1
184	118	1	2
184	117	22	14
184	116	2	NaN
184	109	NaN	7
184	101	NaN	2
184	93	2	6
184	92	5	3
184	91	1	10
184	89	1	NaN
184	83	NaN	2
184	68	NaN	6
184	54	NaN	8
184	49	NaN	2
184	43	NaN	4
184	42	NaN	5
184	39	NaN	10
184	37	NaN	2
184	6	NaN	8
184	2	NaN	3
184	0	NaN	46
183	248	NaN	2
183	232	1	NaN
183	224	5	6
183	216	5	2
183	204	NaN	3
183	189	31	NaN
183	170	NaN	13
183	169	NaN	1
183	165	NaN	1
183	151	NaN	14
183	150	NaN	24
183	146	NaN	1
183	145	5	47
183	134	3	NaN
183	129	24	NaN
183	128	4	1
183	114	NaN	1
183	103	NaN	21
183	89	NaN	1
182	269	1	NaN
182	228	3	NaN
182	193	4	NaN
182	169	30	13
182	166	2	NaN
182	159	5	5
182	157	5	NaN
182	146	1	NaN
182	132	4	NaN
182	128	2	NaN
182	124	1	NaN
182	120	NaN	1
182	117	7	2
182	101	NaN	2
182	91	3	NaN
182	90	2	NaN
182	83	NaN	1
182	81	NaN	5
182	75	NaN	5
182	53	NaN	6
182	51	NaN	3
182	31	NaN	6
182	2	NaN	7
182	1	NaN	5
181	270	NaN	1
181	263	NaN	28
181	254	NaN	5
181	248	NaN	4
181	243	7	NaN
181	227	3	4
181	224	NaN	3
181	221	NaN	6
181	215	NaN	12
181	214	NaN	13
181	208	6	8
181	207	NaN	15
181	197	NaN	4
181	194	NaN	18
181	181	NaN	1
181	172	1	11
181	165	NaN	8
181	156	NaN	1
181	147	10	30
181	141	NaN	17
181	140	NaN	2
181	107	NaN	4
181	103	NaN	4
181	96	NaN	3
181	94	NaN	15
181	93	NaN	8
181	90	NaN	7
181	89	NaN	55
180	257	2	NaN
180	248	2	2
180	227	NaN	2
180	224	NaN	4
180	218	NaN	4
180	216	NaN	10
180	198	3	NaN
180	197	NaN	2
180	186	NaN	10
180	183	NaN	6
180	165	NaN	1
180	156	NaN	8
180	150	NaN	21
180	147	NaN	9
180	146	NaN	19
180	145	NaN	26
180	142	NaN	9
180	132	NaN	7
180	128	12	1
180	127	NaN	2
180	124	NaN	7
180	114	NaN	11
180	103	NaN	13
180	97	NaN	3
180	94	8	13
180	93	NaN	1
180	90	NaN	6
180	42	NaN	1
179	270	NaN	5
179	256	1	NaN
179	247	1	NaN
179	212	2	NaN
179	179	1	3
179	139	8	3
179	123	11	2
179	104	1	8
179	102	1	15
179	101	3	NaN
178	232	NaN	11
178	228	NaN	15
178	192	80	1
178	184	NaN	4
178	177	1	14
178	162	10	25
178	155	8	11
178	134	1	9
178	132	3	NaN
178	117	20	7
178	91	6	NaN
178	39	NaN	24
178	37	NaN	21
178	0	NaN	121
177	232	NaN	6
177	228	NaN	23
177	192	9	3
177	184	NaN	7
177	182	NaN	6
177	178	1	8
177	176	NaN	1
177	170	2	NaN
177	157	NaN	7
177	151	NaN	3
177	144	NaN	6
177	134	2	NaN
177	132	2	17
177	129	4	NaN
177	117	4	11
177	109	4	NaN
177	101	4	9
177	93	9	NaN
177	90	NaN	5
177	89	14	NaN
177	58	NaN	2
177	11	NaN	27
177	8	NaN	8
177	0	NaN	36
176	232	2	3
176	209	NaN	6
176	192	6	8
176	189	NaN	6
176	177	NaN	5
176	172	NaN	2
176	170	NaN	14
176	165	2	NaN
176	157	NaN	17
176	155	3	2
176	151	NaN	38
176	145	NaN	2
176	144	14	NaN
176	141	NaN	3
176	132	19	5
176	128	2	3
176	117	NaN	18
176	114	NaN	32
176	103	4	5
176	101	NaN	18
176	94	1	1
176	91	NaN	10
176	89	NaN	1
176	82	NaN	15
176	67	NaN	71
176	50	NaN	7
176	30	NaN	1
176	23	NaN	4
176	17	NaN	56
176	14	NaN	1
176	0	NaN	10
175	270	8	NaN
175	233	3	NaN
175	174	6	1
175	161	1	1
175	121	2	NaN
175	116	15	NaN
175	110	6	NaN
175	105	2	NaN
175	96	4	NaN
174	270	11	NaN
174	233	5	NaN
174	223	3	NaN
174	206	2	NaN
174	203	2	NaN
174	200	2	NaN
174	188	NaN	2
174	175	6	NaN
174	122	3	NaN
174	119	2	NaN
174	116	26	NaN
174	112	1	NaN
174	110	69	NaN
174	105	13	1
174	104	1	NaN
174	96	2	NaN
173	237	1	NaN
173	219	1	NaN
173	201	7	NaN
173	199	NaN	3
173	165	1	NaN
173	146	4	NaN
173	140	1	NaN
173	134	5	NaN
173	120	7	NaN
173	118	5	NaN
173	103	2	NaN
173	91	2	NaN
173	86	NaN	1
173	80	NaN	1
173	73	NaN	1
173	66	NaN	6
173	65	1	NaN
173	63	NaN	6
173	55	2	NaN
173	51	1	NaN
173	40	NaN	1
173	7	2	NaN
173	5	NaN	1
172	235	5	NaN
172	224	NaN	1
172	221	NaN	1
172	216	NaN	4
172	214	NaN	6
172	208	1	NaN
172	193	NaN	4
172	189	NaN	24
172	181	1	NaN
172	176	NaN	2
172	170	NaN	14
172	169	NaN	5
172	165	NaN	9
172	156	NaN	13
172	151	NaN	35
172	150	NaN	3
172	145	NaN	14
172	141	NaN	2
172	140	NaN	25
172	132	NaN	1
172	128	6	5
172	127	NaN	1
172	117	NaN	1
172	114	NaN	4
172	107	NaN	9
172	103	NaN	27
172	94	NaN	26
172	92	NaN	1
172	89	NaN	2
171	269	11	1
171	263	NaN	1
171	217	7	1
171	201	1	NaN
171	199	3	NaN
171	173	NaN	1
171	166	1	NaN
171	146	1	NaN
171	124	NaN	2
171	109	2	NaN
171	93	1	NaN
171	92	2	NaN
171	90	30	NaN
171	89	2	NaN
171	47	NaN	1
171	18	NaN	2
171	3	NaN	1
171	0	NaN	3
170	228	NaN	1
170	214	NaN	1
170	189	NaN	71
170	183	NaN	21
170	177	2	NaN
170	176	NaN	67
170	172	NaN	14
170	156	NaN	43
170	151	NaN	4
170	150	3	4
170	140	NaN	35
170	132	NaN	4
170	128	43	8
170	117	NaN	2
170	114	NaN	6
170	110	NaN	1
170	106	NaN	1
170	103	2	160
170	101	NaN	10
170	94	7	10
170	92	NaN	8
170	90	2	1
170	82	NaN	10
170	67	NaN	22
170	23	NaN	2
170	17	NaN	34
169	218	NaN	1
169	182	30	3
169	159	13	14
169	157	6	9
169	150	NaN	1
169	144	1	1
169	124	NaN	2
169	101	3	NaN
169	72	NaN	2
169	68	NaN	5
169	53	NaN	1
169	51	NaN	7
169	43	NaN	5
169	31	NaN	1
169	2	NaN	11
169	1	NaN	1
168	270	1	NaN
168	206	1	NaN
168	164	3	1
168	158	NaN	1
168	136	6	NaN
168	130	1	2
168	129	2	NaN
168	120	1	1
168	119	NaN	5
168	118	1	NaN
168	116	4	4
168	115	1	NaN
168	110	NaN	5
168	103	3	1
168	100	2	NaN
168	97	1	NaN
168	93	1	NaN
168	92	2	1
167	247	1	NaN
167	154	1	NaN
167	117	1	1
167	106	1	NaN
167	92	3	NaN
166	269	8	NaN
166	247	NaN	2
166	233	7	NaN
166	228	1	NaN
166	210	5	NaN
166	196	1	1
166	184	1	NaN
166	182	2	NaN
166	171	1	NaN
166	159	1	NaN
166	157	1	NaN
166	146	4	NaN
166	144	NaN	2
166	134	2	1
166	129	4	NaN
166	124	10	1
166	120	2	3
166	118	2	4
166	117	NaN	1
166	114	2	NaN
166	111	6	NaN
166	109	3	1
166	101	5	NaN
166	91	3	3
166	18	NaN	2
165	243	NaN	1
165	230	18	16
165	229	2	NaN
165	227	8	8
165	221	NaN	11
165	220	51	19
165	219	6	NaN
165	208	NaN	26
165	204	NaN	4
165	197	6	NaN
165	193	NaN	8
165	183	NaN	11
165	181	NaN	8
165	180	NaN	8
165	176	2	3
165	173	1	NaN
165	172	NaN	2
165	165	3	17
165	156	NaN	39
165	155	1	NaN
165	150	NaN	2
165	147	NaN	3
165	143	NaN	2
165	140	NaN	41
165	134	NaN	1
165	133	3	NaN
165	131	NaN	1
165	128	NaN	1
165	120	3	2
165	109	NaN	1
165	107	NaN	2
165	103	NaN	34
165	99	2	NaN
165	94	3	97
165	90	1	67
165	89	NaN	3
164	270	1	3
164	267	NaN	1
164	261	NaN	2
164	249	7	NaN
164	203	NaN	1
164	201	4	NaN
164	168	3	NaN
164	161	NaN	14
164	160	4	NaN
164	154	4	NaN
164	149	5	2
164	146	2	NaN
164	136	59	13
164	130	5	8
164	127	3	NaN
164	122	3	NaN
164	119	NaN	4
164	117	11	NaN
164	116	19	21
164	115	NaN	2
164	110	5	30
164	92	5	2
164	89	1	NaN
163	251	1	NaN
163	242	7	NaN
163	212	4	NaN
163	174	NaN	1
163	148	16	1
163	122	3	NaN
163	108	6	NaN
163	97	1	NaN
162	228	NaN	7
162	224	NaN	1
162	186	NaN	2
162	184	NaN	6
162	178	10	3
162	155	NaN	2
162	150	5	NaN
162	146	7	NaN
162	132	6	5
162	129	3	NaN
162	124	32	2
162	120	9	NaN
162	101	NaN	4
162	91	NaN	1
162	73	NaN	2
162	58	NaN	15
162	42	NaN	24
162	28	NaN	31
162	0	NaN	14
161	212	1	NaN
161	201	2	NaN
161	188	1	NaN
161	175	1	NaN
161	149	9	NaN
161	130	14	NaN
161	126	3	NaN
161	116	6	NaN
161	110	7	NaN
161	108	1	NaN
161	104	3	NaN
160	249	6	1
160	247	2	NaN
160	241	1	NaN
160	217	1	NaN
160	202	1	NaN
160	184	1	NaN
160	164	4	4
160	157	1	1
160	154	22	NaN
160	149	NaN	2
160	146	3	NaN
160	136	NaN	1
160	108	1	NaN
160	103	4	4
160	100	5	4
160	92	6	2
160	89	16	NaN
159	193	5	NaN
159	182	5	NaN
159	169	13	7
159	166	1	NaN
159	157	19	8
159	144	NaN	2
159	117	4	NaN
159	101	4	NaN
159	68	NaN	2
159	65	NaN	2
159	51	NaN	4
159	44	NaN	2
159	43	NaN	2
159	36	NaN	2
159	2	NaN	7
159	1	NaN	6
158	270	NaN	7
158	236	NaN	3
158	205	3	4
158	201	NaN	3
158	196	3	10
158	153	NaN	1
158	121	1	NaN
158	119	NaN	1
158	118	NaN	1
158	116	4	29
158	115	NaN	1
158	110	NaN	13
158	97	NaN	13
158	96	1	36
158	92	1	8
158	91	2	9
157	249	3	2
157	232	3	NaN
157	228	3	2
157	201	9	15
157	192	2	6
157	184	12	NaN
157	182	5	NaN
157	177	NaN	1
157	173	NaN	3
157	169	6	5
157	166	1	NaN
157	160	1	1
157	159	19	7
157	146	2	NaN
157	124	1	NaN
157	117	13	NaN
157	101	1	NaN
157	100	1	NaN
157	93	6	NaN
157	89	3	NaN
157	83	NaN	2
157	81	NaN	2
157	75	NaN	2
157	68	NaN	10
157	65	NaN	5
157	55	NaN	6
157	51	NaN	5
157	49	NaN	2
157	47	NaN	5
157	43	NaN	9
157	18	NaN	4
157	10	NaN	5
157	7	NaN	6
157	4	NaN	1
157	3	NaN	15
157	2	NaN	12
157	1	NaN	2
157	0	NaN	9
156	243	13	8
156	230	NaN	7
156	229	NaN	11
156	227	1	NaN
156	220	NaN	4
156	219	NaN	3
156	208	10	2
156	190	1	NaN
156	170	NaN	3
156	165	NaN	5
156	150	NaN	1
156	134	1	NaN
156	133	2	NaN
156	131	4	NaN
156	127	NaN	4
156	103	NaN	44
156	94	NaN	18
156	90	NaN	44
155	224	3	3
155	218	NaN	1
155	195	NaN	1
155	193	NaN	5
155	192	NaN	6
155	186	NaN	4
155	184	NaN	15
155	183	NaN	4
155	178	8	13
155	176	3	2
155	169	NaN	4
155	165	1	NaN
155	162	NaN	18
155	159	NaN	18
155	157	NaN	3
155	150	NaN	15
155	145	NaN	17
155	140	NaN	8
155	132	24	1
155	128	47	NaN
155	120	6	NaN
155	117	1	NaN
155	114	NaN	21
155	103	NaN	8
155	101	1	19
155	92	2	NaN
155	91	NaN	6
155	85	2	NaN
155	58	NaN	3
155	39	NaN	24
155	37	NaN	48
155	35	NaN	5
155	28	1	NaN
155	15	NaN	1
155	0	NaN	15
154	270	1	2
154	249	2	NaN
154	236	1	NaN
154	217	1	NaN
154	190	3	1
154	171	NaN	1
154	167	1	2
154	164	4	1
154	160	22	NaN
154	146	9	NaN
154	140	NaN	1
154	135	1	2
154	117	2	NaN
154	108	1	NaN
154	106	2	NaN
154	103	4	1
154	100	2	NaN
154	93	2	NaN
154	92	7	1
154	89	16	2
154	0	NaN	1
153	263	6	NaN
153	254	NaN	4
153	245	NaN	1
153	227	NaN	4
153	215	NaN	15
153	197	NaN	4
153	193	1	5
153	191	NaN	13
153	189	1	3
153	187	NaN	2
153	185	3	NaN
153	172	NaN	1
153	170	NaN	2
153	152	1	4
153	142	NaN	1
153	141	2	4
153	136	NaN	4
153	130	NaN	1
153	127	1	8
153	125	6	80
153	116	NaN	2
153	115	NaN	4
153	114	NaN	18
153	112	NaN	11
153	111	6	10
153	104	4	NaN
153	103	1	NaN
153	96	2	13
153	94	NaN	6
153	93	NaN	3
153	92	5	NaN
153	89	NaN	9
153	68	NaN	8
153	43	NaN	8
153	33	NaN	2
153	2	NaN	4
152	245	NaN	1
152	237	NaN	1
152	233	NaN	1
152	226	NaN	1
152	222	NaN	1
152	199	3	3
152	193	1	NaN
152	153	1	NaN
152	131	2	1
152	125	3	NaN
152	116	1	1
152	113	1	1
152	110	9	NaN
152	104	1	NaN
152	96	5	NaN
152	92	2	NaN
152	88	NaN	1
152	85	NaN	5
152	71	NaN	5
152	66	NaN	1
152	64	NaN	3
152	63	NaN	1
152	14	NaN	4
152	5	NaN	4
152	1	NaN	1
151	270	NaN	5
151	263	NaN	4
151	248	NaN	1
151	232	7	16
151	220	NaN	1
151	219	1	NaN
151	216	NaN	2
151	209	NaN	2
151	207	NaN	1
151	206	1	NaN
151	199	NaN	5
151	189	4	12
151	183	NaN	1
151	176	NaN	54
151	173	NaN	3
151	157	NaN	30
151	145	10	11
151	144	NaN	3
151	134	1	NaN
151	132	NaN	11
151	131	NaN	6
151	128	6	25
151	117	NaN	10
151	114	NaN	55
151	103	NaN	38
151	100	NaN	2
151	92	NaN	30
151	91	NaN	62
151	90	NaN	1
150	243	NaN	1
150	221	NaN	3
150	216	NaN	1
150	189	NaN	49
150	185	1	NaN
150	184	NaN	2
150	183	NaN	55
150	182	NaN	2
150	180	NaN	18
150	170	3	NaN
150	169	NaN	4
150	162	5	NaN
150	159	NaN	11
150	157	NaN	11
150	156	NaN	10
150	155	NaN	43
150	151	NaN	2
150	150	NaN	6
150	145	NaN	4
150	140	NaN	32
150	135	1	NaN
150	128	31	16
150	103	1	113
150	101	NaN	1
150	94	NaN	7
150	92	2	22
150	90	NaN	3
150	39	NaN	11
150	37	NaN	22
150	35	NaN	6
150	28	1	NaN
150	15	2	11
149	270	NaN	10
149	266	1	NaN
149	263	5	NaN
149	252	NaN	1
149	236	1	NaN
149	229	NaN	1
149	219	NaN	1
149	207	2	NaN
149	184	NaN	1
149	164	5	1
149	161	9	NaN
149	146	NaN	1
149	136	1	1
149	130	7	1
149	127	2	NaN
149	126	4	1
149	122	9	NaN
149	121	NaN	1
149	114	NaN	2
149	110	NaN	9
149	108	4	NaN
149	105	10	NaN
149	103	6	1
149	100	2	NaN
149	92	11	1
149	89	1	NaN
148	251	NaN	5
148	249	NaN	11
148	247	1	4
148	242	1	NaN
148	212	2	NaN
148	201	NaN	1
148	200	NaN	1
148	174	NaN	1
148	163	16	2
148	139	NaN	1
148	126	3	NaN
148	122	12	3
148	121	17	15
148	113	1	NaN
148	112	5	1
148	105	1	NaN
148	95	1	NaN
148	60	NaN	8
148	59	NaN	3
148	18	NaN	11
148	4	NaN	5
147	271	NaN	16
147	270	NaN	2
147	258	NaN	2
147	256	NaN	8
147	255	NaN	4
147	240	NaN	1
147	216	NaN	21
147	209	NaN	2
147	208	10	NaN
147	207	NaN	18
147	204	6	NaN
147	198	NaN	8
147	191	NaN	31
147	185	4	1
147	181	10	35
147	180	NaN	30
147	172	NaN	1
147	165	NaN	2
147	153	NaN	7
147	147	NaN	13
147	146	NaN	1
147	141	NaN	19
147	136	NaN	6
147	127	NaN	6
147	125	NaN	12
147	97	NaN	8
147	94	NaN	1
147	93	NaN	45
147	92	NaN	1
147	90	3	14
147	89	NaN	91
146	269	2	NaN
146	263	3	NaN
146	250	1	NaN
146	236	1	NaN
146	229	2	NaN
146	228	1	NaN
146	219	17	NaN
146	184	6	NaN
146	182	1	NaN
146	173	4	NaN
146	171	1	NaN
146	166	4	NaN
146	164	2	NaN
146	162	7	NaN
146	160	3	NaN
146	157	2	NaN
146	154	9	NaN
146	140	2	NaN
146	131	1	NaN
146	114	13	NaN
146	106	1	NaN
146	103	21	NaN
146	93	15	NaN
146	92	6	NaN
146	90	1	NaN
146	89	22	NaN
145	263	2	4
145	245	NaN	6
145	229	NaN	1
145	228	NaN	1
145	224	11	36
145	219	NaN	1
145	214	NaN	1
145	209	NaN	5
145	204	NaN	1
145	199	NaN	4
145	189	NaN	1
145	183	5	11
145	182	NaN	10
145	176	NaN	3
145	172	NaN	1
145	169	NaN	20
145	159	NaN	27
145	155	NaN	41
145	151	10	17
145	150	NaN	5
145	145	NaN	2
145	132	1	5
145	131	NaN	7
145	130	NaN	2
145	128	2	37
145	127	NaN	1
145	120	NaN	5
145	118	NaN	4
145	114	NaN	40
145	112	1	NaN
145	103	NaN	35
145	101	NaN	2
145	92	NaN	47
144	192	1	NaN
144	176	14	NaN
144	173	NaN	5
144	169	1	7
144	168	NaN	1
144	166	NaN	2
144	159	NaN	9
144	157	NaN	1
144	134	4	3
144	129	1	3
144	127	NaN	1
144	120	30	6
144	118	NaN	1
144	101	1	NaN
144	91	1	3
144	81	NaN	4
144	75	NaN	4
144	69	NaN	7
144	55	NaN	5
144	13	NaN	7
144	7	NaN	5
144	2	NaN	17
144	1	NaN	6
143	263	2	NaN
143	257	11	NaN
143	243	NaN	1
143	237	NaN	4
143	235	62	NaN
143	233	NaN	2
143	231	1	NaN
143	230	NaN	1
143	222	NaN	12
143	215	1	NaN
143	208	6	NaN
143	207	17	NaN
143	204	NaN	1
143	199	NaN	5
143	173	NaN	12
143	143	NaN	1
143	141	1	NaN
143	131	NaN	3
143	126	1	NaN
143	104	3	NaN
143	102	3	NaN
143	90	34	4
143	89	3	NaN
143	88	NaN	2
143	85	NaN	5
143	73	NaN	2
143	71	NaN	5
143	67	1	NaN
143	64	NaN	3
143	14	NaN	2
142	263	1	4
142	244	NaN	1
142	233	NaN	1
142	227	NaN	7
142	226	NaN	1
142	222	NaN	5
142	221	NaN	8
142	215	NaN	34
142	197	NaN	7
142	193	NaN	2
142	187	2	NaN
142	171	NaN	1
142	158	NaN	1
142	141	NaN	5
142	137	NaN	4
142	136	1	14
142	131	NaN	7
142	127	1	2
142	125	NaN	15
142	118	NaN	2
142	116	NaN	5
142	114	NaN	17
142	112	NaN	4
142	103	NaN	1
142	97	NaN	24
142	95	1	NaN
142	94	NaN	18
142	89	NaN	5
142	81	NaN	2
142	75	NaN	2
142	68	NaN	9
142	43	NaN	9
141	270	NaN	4
141	263	3	10
141	254	NaN	6
141	248	2	NaN
141	246	NaN	1
141	243	NaN	5
141	232	NaN	1
141	231	NaN	3
141	227	4	33
141	221	NaN	3
141	220	NaN	4
141	215	NaN	10
141	209	NaN	2
141	208	2	3
141	204	NaN	5
141	197	4	26
141	187	NaN	2
141	181	NaN	8
141	180	NaN	6
141	176	NaN	8
141	153	2	14
141	146	NaN	4
141	143	1	90
141	142	NaN	5
141	141	NaN	28
141	138	NaN	7
141	131	NaN	4
141	125	1	21
141	114	NaN	5
141	107	NaN	3
141	94	2	86
141	93	NaN	2
141	92	NaN	6
141	90	NaN	13
141	89	NaN	19
141	84	NaN	1
141	46	NaN	2
141	30	NaN	7
141	14	NaN	1
140	266	2	NaN
140	263	NaN	3
140	243	1	NaN
140	233	NaN	7
140	229	NaN	5
140	227	17	NaN
140	225	1	NaN
140	221	1	10
140	220	3	18
140	219	2	1
140	208	19	5
140	190	5	NaN
140	189	NaN	5
140	173	1	NaN
140	172	NaN	9
140	166	NaN	3
140	165	NaN	3
140	146	2	2
140	140	NaN	9
140	134	1	NaN
140	131	17	6
140	127	1	NaN
140	103	NaN	53
140	94	7	39
140	93	NaN	1
140	92	NaN	1
140	91	NaN	3
140	90	NaN	41
140	89	NaN	9
139	270	NaN	9
139	256	NaN	3
139	247	5	NaN
139	245	1	NaN
139	237	NaN	2
139	206	2	NaN
139	200	3	NaN
139	196	1	NaN
139	179	8	1
139	161	NaN	1
139	139	NaN	2
139	126	NaN	1
139	125	NaN	2
139	123	25	2
139	108	4	1
139	105	7	NaN
139	104	9	23
139	102	1	23
139	97	1	2
138	265	2	NaN
138	198	2	NaN
138	194	1	NaN
138	136	2	NaN
138	96	2	NaN
137	198	4	NaN
137	136	2	NaN
137	112	1	NaN
137	97	4	NaN
136	270	5	NaN
136	263	NaN	2
136	261	5	NaN
136	233	NaN	4
136	227	NaN	3
136	221	NaN	3
136	216	1	NaN
136	210	5	NaN
136	203	NaN	6
136	201	NaN	4
136	197	NaN	3
136	187	1	NaN
136	168	6	NaN
136	164	59	NaN
136	161	NaN	18
136	149	1	NaN
136	146	NaN	18
136	142	1	2
136	141	NaN	2
136	138	2	NaN
136	137	2	3
136	134	1	2
136	129	1	NaN
136	127	6	4
136	119	1	13
136	118	5	2
136	116	17	55
136	115	2	9
136	114	NaN	2
136	112	NaN	1
136	111	10	NaN
136	110	2	51
136	108	1	2
136	105	1	3
136	103	59	NaN
136	95	NaN	1
136	92	17	NaN
136	89	NaN	2
135	271	4	NaN
135	269	5	NaN
135	247	1	NaN
135	229	2	NaN
135	222	1	1
135	199	1	1
135	194	1	NaN
135	185	59	NaN
135	184	1	NaN
135	154	1	NaN
135	150	1	NaN
135	128	2	NaN
135	124	3	NaN
135	117	7	1
135	106	3	NaN
135	101	7	NaN
135	98	65	NaN
135	92	7	NaN
135	90	6	NaN
134	253	NaN	2
134	238	3	10
134	236	1	4
134	228	NaN	1
134	210	1	NaN
134	201	2	6
134	190	2	NaN
134	189	7	NaN
134	183	3	5
134	178	1	NaN
134	177	2	10
134	173	5	25
134	166	2	2
134	157	NaN	2
134	156	1	NaN
134	151	1	NaN
134	144	4	55
134	140	1	NaN
134	138	NaN	1
134	136	1	4
134	134	2	NaN
134	129	42	11
134	127	NaN	5
134	120	2	58
134	118	1	2
134	117	11	2
134	111	2	NaN
134	101	7	NaN
134	94	1	5
134	93	NaN	10
134	91	1	9
133	270	NaN	2
133	252	3	NaN
133	238	2	NaN
133	202	3	2
133	190	NaN	1
133	165	3	NaN
133	156	2	NaN
133	146	NaN	1
133	133	NaN	1
133	111	7	NaN
133	93	1	NaN
133	68	NaN	1
133	65	NaN	1
133	51	NaN	1
133	43	NaN	1
133	32	NaN	4
132	269	11	NaN
132	240	NaN	22
132	232	NaN	9
132	228	4	6
132	224	NaN	12
132	221	NaN	14
132	218	NaN	19
132	216	NaN	2
132	193	NaN	7
132	192	5	2
132	189	NaN	6
132	186	NaN	24
132	184	NaN	12
132	183	NaN	16
132	182	4	57
132	180	NaN	13
132	178	3	NaN
132	177	2	44
132	176	19	7
132	172	NaN	3
132	170	NaN	51
132	169	NaN	31
132	162	6	5
132	159	NaN	6
132	157	NaN	15
132	155	24	4
132	151	NaN	17
132	150	NaN	52
132	146	NaN	9
132	145	1	25
132	144	NaN	1
132	132	NaN	20
132	129	NaN	3
132	128	14	94
132	124	8	25
132	120	NaN	2
132	117	NaN	30
132	114	1	7
132	109	NaN	37
132	103	1	NaN
132	101	NaN	20
132	99	6	NaN
132	94	NaN	29
132	93	NaN	48
132	91	NaN	57
132	90	NaN	27
132	89	NaN	31
131	230	3	NaN
131	226	NaN	1
131	222	1	12
131	220	12	NaN
131	209	2	NaN
131	199	1	NaN
131	156	4	NaN
131	152	2	NaN
131	146	1	NaN
131	143	NaN	2
131	140	17	NaN
131	110	NaN	1
131	97	NaN	1
131	93	1	NaN
131	90	NaN	6
131	88	NaN	1
131	87	NaN	1
131	85	NaN	3
131	73	NaN	3
131	71	NaN	3
131	70	NaN	1
131	66	NaN	1
131	64	NaN	1
131	63	NaN	1
131	14	NaN	8
131	5	NaN	7
130	270	NaN	13
130	266	NaN	1
130	263	2	NaN
130	252	1	2
130	207	18	NaN
130	203	1	NaN
130	168	1	NaN
130	164	5	1
130	161	14	NaN
130	149	7	1
130	127	18	NaN
130	126	6	NaN
130	122	10	NaN
130	116	NaN	5
130	114	NaN	3
130	110	NaN	10
130	108	6	NaN
130	105	13	NaN
130	103	5	1
130	92	11	NaN
129	269	1	NaN
129	263	NaN	11
129	253	1	2
129	248	2	NaN
129	247	NaN	1
129	238	NaN	8
129	237	NaN	20
129	236	1	10
129	210	29	NaN
129	201	1	NaN
129	190	2	NaN
129	183	24	NaN
129	177	4	NaN
129	173	NaN	36
129	172	NaN	5
129	171	NaN	3
129	168	2	NaN
129	166	4	NaN
129	162	3	NaN
129	158	NaN	1
129	144	1	38
129	136	1	NaN
129	134	42	18
129	127	3	10
129	120	3	57
129	118	4	2
129	117	13	2
129	114	2	1
129	111	3	NaN
129	109	2	NaN
129	101	1	NaN
129	94	1	3
129	91	1	17
128	271	NaN	4
128	263	NaN	1
128	235	4	NaN
128	232	NaN	10
128	227	NaN	1
128	221	NaN	20
128	219	NaN	4
128	204	1	NaN
128	197	NaN	1
128	195	NaN	2
128	193	NaN	1
128	191	NaN	7
128	190	6	1
128	189	14	45
128	183	4	40
128	182	2	5
128	180	12	NaN
128	176	2	8
128	172	6	NaN
128	170	43	10
128	169	NaN	38
128	157	NaN	13
128	155	47	NaN
128	151	6	84
128	150	31	7
128	145	2	134
128	143	NaN	1
128	135	2	NaN
128	132	14	4
128	124	1	NaN
128	114	NaN	2
128	101	12	NaN
128	94	NaN	1
128	92	6	90
128	91	55	82
128	90	7	13
127	270	1	NaN
127	263	16	NaN
127	254	NaN	3
127	238	2	NaN
127	232	NaN	1
127	227	1	12
127	226	NaN	2
127	222	NaN	2
127	216	NaN	4
127	215	NaN	2
127	214	NaN	14
127	209	NaN	5
127	206	1	NaN
127	204	NaN	10
127	197	1	12
127	193	NaN	1
127	171	NaN	2
127	165	NaN	1
127	164	3	1
127	158	NaN	1
127	156	NaN	4
127	153	1	NaN
127	149	2	1
127	146	NaN	22
127	142	1	3
127	141	NaN	10
127	140	1	NaN
127	136	6	2
127	132	NaN	1
127	131	NaN	5
127	130	18	2
127	129	3	1
127	127	NaN	1
127	125	NaN	1
127	120	1	1
127	119	NaN	5
127	118	2	1
127	116	4	7
127	115	1	1
127	114	8	23
127	110	NaN	8
127	107	NaN	10
127	103	4	9
127	100	2	NaN
127	97	1	NaN
127	94	1	2
127	93	1	4
127	92	2	4
127	90	NaN	6
127	89	NaN	10
126	222	1	4
126	207	1	NaN
126	173	NaN	2
126	161	3	NaN
126	149	4	NaN
126	148	3	NaN
126	143	1	NaN
126	130	6	NaN
126	123	4	NaN
126	113	1	NaN
126	112	NaN	4
126	110	4	NaN
126	108	26	1
126	105	1	NaN
126	104	1	NaN
126	102	1	NaN
126	96	2	NaN
126	94	NaN	7
126	89	2	NaN
126	81	NaN	10
126	75	NaN	16
126	68	NaN	9
126	43	NaN	9
126	2	NaN	19
125	270	NaN	5
125	263	NaN	13
125	254	NaN	10
125	232	NaN	3
125	229	3	20
125	227	NaN	2
125	220	NaN	3
125	215	NaN	24
125	213	NaN	2
125	211	NaN	3
125	205	NaN	5
125	197	NaN	2
125	196	NaN	5
125	194	NaN	5
125	193	2	5
125	191	4	72
125	185	NaN	2
125	181	NaN	2
125	173	NaN	3
125	172	NaN	7
125	170	NaN	12
125	165	NaN	1
125	153	6	59
125	152	3	30
125	147	NaN	6
125	146	NaN	29
125	143	NaN	10
125	142	NaN	2
125	141	1	13
125	138	NaN	6
125	137	NaN	6
125	136	NaN	4
125	127	NaN	9
125	125	NaN	39
125	123	NaN	3
125	116	NaN	5
125	115	NaN	1
125	114	NaN	16
125	112	NaN	6
125	111	NaN	6
125	110	NaN	1
125	109	NaN	1
125	104	NaN	25
125	103	NaN	2
125	96	NaN	20
125	94	NaN	17
125	92	3	14
125	90	2	2
125	89	2	21
125	68	NaN	13
125	43	NaN	13
124	269	7	3
124	249	2	4
124	238	NaN	3
124	237	NaN	2
124	228	NaN	11
124	184	1	16
124	182	1	NaN
124	178	NaN	5
124	173	NaN	1
124	171	NaN	1
124	166	10	3
124	165	NaN	4
124	162	32	28
124	157	1	1
124	156	NaN	2
124	155	NaN	6
124	140	NaN	3
124	135	3	3
124	134	NaN	1
124	132	8	21
124	129	NaN	1
124	128	1	1
124	124	1	NaN
124	118	NaN	3
124	117	NaN	1
124	114	12	NaN
124	109	3	5
124	106	NaN	2
124	101	2	NaN
124	98	NaN	1
124	94	NaN	4
124	93	NaN	3
124	92	3	1
124	91	NaN	1
124	4	NaN	1
123	270	1	2
123	256	NaN	3
123	206	4	NaN
123	200	2	NaN
123	179	11	2
123	139	25	NaN
123	126	4	NaN
123	121	NaN	1
123	108	1	NaN
123	105	NaN	1
123	104	6	22
123	102	2	13
123	99	1	NaN
123	97	NaN	2
123	96	2	NaN
123	2	NaN	2
122	270	2	NaN
122	261	3	NaN
122	247	10	19
122	242	5	NaN
122	236	1	1
122	212	3	NaN
122	207	2	NaN
122	206	2	NaN
122	201	NaN	53
122	200	NaN	1
122	174	3	NaN
122	164	3	NaN
122	163	3	NaN
122	157	NaN	5
122	149	9	NaN
122	148	12	1
122	130	10	NaN
122	122	1	NaN
122	121	22	25
122	117	2	NaN
122	116	2	NaN
122	115	1	NaN
122	112	4	2
122	111	1	NaN
122	110	38	NaN
122	105	17	2
122	104	NaN	1
122	103	3	NaN
122	99	1	NaN
122	97	NaN	1
122	91	NaN	2
122	83	NaN	1
122	76	NaN	3
122	60	NaN	1
122	59	NaN	3
122	55	NaN	1
122	47	NaN	11
122	45	NaN	4
122	18	NaN	6
122	10	NaN	16
122	7	NaN	1
122	4	NaN	9
122	3	NaN	21
121	270	18	3
121	249	NaN	12
121	247	21	22
121	233	4	NaN
121	201	NaN	23
121	200	NaN	3
121	175	2	NaN
121	174	NaN	2
121	163	NaN	1
121	158	1	NaN
121	157	NaN	2
121	148	17	4
121	139	NaN	1
121	122	22	20
121	116	13	NaN
121	113	7	NaN
121	112	20	NaN
121	110	20	NaN
121	108	1	NaN
121	105	4	1
121	95	15	NaN
121	91	9	3
121	89	2	NaN
121	76	NaN	1
121	60	NaN	5
121	59	NaN	8
121	47	NaN	5
121	45	NaN	2
121	18	NaN	13
121	10	NaN	3
121	4	NaN	18
121	3	NaN	7
120	253	1	NaN
120	237	NaN	3
120	228	1	NaN
120	204	NaN	1
120	182	NaN	7
120	173	7	12
120	169	NaN	12
120	168	1	NaN
120	166	2	1
120	165	3	NaN
120	162	9	NaN
120	159	NaN	4
120	155	6	NaN
120	144	30	33
120	134	2	6
120	129	3	2
120	127	1	NaN
120	118	NaN	4
120	117	NaN	5
120	101	NaN	3
120	94	1	NaN
120	91	NaN	21
120	83	NaN	7
120	51	NaN	7
120	28	2	NaN
120	2	NaN	6
120	1	NaN	17
119	270	6	NaN
119	233	NaN	1
119	223	NaN	3
119	200	3	NaN
119	175	NaN	4
119	174	2	NaN
119	161	NaN	2
119	136	1	1
119	121	NaN	1
119	116	39	14
119	115	2	NaN
119	113	1	NaN
119	110	11	14
119	96	2	NaN
118	263	1	NaN
118	247	58	NaN
118	238	1	NaN
118	236	8	NaN
118	222	16	NaN
118	210	5	NaN
118	201	2	NaN
118	199	17	NaN
118	184	1	NaN
118	173	5	NaN
118	168	1	NaN
118	166	2	NaN
118	158	NaN	1
118	136	5	NaN
118	134	1	NaN
118	129	4	NaN
118	127	2	NaN
118	114	4	NaN
118	111	14	NaN
118	109	1	NaN
118	103	3	NaN
118	92	22	NaN
118	91	4	NaN
117	270	2	NaN
117	249	13	NaN
117	228	2	NaN
117	227	NaN	1
117	217	NaN	1
117	209	NaN	3
117	201	3	2
117	192	3	2
117	190	1	NaN
117	184	22	NaN
117	182	7	NaN
117	178	20	5
117	177	4	4
117	176	NaN	8
117	167	1	NaN
117	166	NaN	4
117	164	11	NaN
117	162	NaN	2
117	160	NaN	1
117	159	4	3
117	157	13	4
117	155	1	NaN
117	154	2	NaN
117	151	NaN	6
117	144	NaN	1
117	135	7	NaN
117	134	11	5
117	129	13	NaN
117	122	2	NaN
117	120	NaN	1
117	117	7	NaN
117	111	28	NaN
117	110	1	NaN
117	103	11	1
117	101	173	NaN
117	99	3	1
117	98	6	NaN
117	91	45	6
117	89	1	1
117	74	NaN	2
117	68	NaN	1
117	60	NaN	1
117	43	NaN	1
117	1	NaN	2
116	270	3	5
116	267	5	10
116	266	5	10
116	252	7	4
116	245	NaN	1
116	244	1	NaN
116	235	1	NaN
116	233	5	15
116	231	NaN	2
116	226	NaN	1
116	223	14	5
116	203	17	17
116	200	3	NaN
116	194	NaN	8
116	184	2	NaN
116	175	15	20
116	174	26	27
116	168	4	NaN
116	164	19	NaN
116	161	6	10
116	158	4	NaN
116	152	1	20
116	142	NaN	1
116	136	17	NaN
116	131	NaN	20
116	127	4	NaN
116	125	NaN	2
116	122	2	NaN
116	121	13	23
116	119	39	6
116	115	33	4
116	113	5	17
116	112	9	NaN
116	110	90	21
116	108	7	NaN
116	105	39	NaN
116	103	19	NaN
116	102	1	NaN
116	97	21	4
116	96	69	20
116	95	12	19
115	270	2	NaN
115	266	NaN	1
115	252	NaN	2
115	245	NaN	1
115	233	NaN	1
115	223	NaN	1
115	203	NaN	2
115	200	2	NaN
115	175	NaN	1
115	168	1	NaN
115	161	NaN	2
115	136	2	NaN
115	131	NaN	1
115	127	1	NaN
115	122	1	NaN
115	121	NaN	1
115	119	2	NaN
115	116	33	14
115	110	17	19
115	97	NaN	2
114	271	2	NaN
114	263	1	NaN
114	224	3	NaN
114	207	NaN	20
114	195	1	NaN
114	173	NaN	1
114	166	2	NaN
114	149	NaN	3
114	146	13	1
114	132	1	NaN
114	129	2	NaN
114	127	8	NaN
114	126	NaN	10
114	124	12	NaN
114	118	4	NaN
114	114	NaN	5
114	110	NaN	30
114	108	1	1
114	106	1	NaN
114	103	5	3
114	68	NaN	1
114	65	NaN	1
114	51	NaN	1
114	43	NaN	1
113	266	4	NaN
113	247	1	NaN
113	238	NaN	1
113	152	1	NaN
113	148	1	1
113	126	1	NaN
113	121	7	NaN
113	119	1	NaN
113	116	5	NaN
113	112	2	NaN
113	110	15	NaN
113	108	5	NaN
113	105	NaN	1
113	97	4	NaN
113	96	1	NaN
113	95	20	NaN
113	91	5	NaN
112	267	9	NaN
112	252	1	NaN
112	247	NaN	2
112	242	1	NaN
112	238	NaN	3
112	237	NaN	2
112	236	3	20
112	233	NaN	20
112	226	NaN	1
112	222	NaN	7
112	207	NaN	44
112	201	NaN	22
112	174	1	NaN
112	173	NaN	8
112	161	NaN	1
112	152	NaN	17
112	148	5	NaN
112	145	1	NaN
112	138	NaN	1
112	137	1	NaN
112	126	NaN	17
112	122	4	3
112	121	20	2
112	116	9	2
112	113	2	NaN
112	110	9	6
112	108	1	9
112	105	6	19
112	103	1	NaN
112	97	1	11
112	96	NaN	13
112	95	17	1
112	94	NaN	6
112	91	NaN	3
112	83	NaN	2
112	81	NaN	2
112	76	NaN	1
112	75	NaN	2
112	68	NaN	5
112	65	NaN	2
112	55	NaN	7
112	51	NaN	3
112	47	NaN	3
112	43	NaN	5
112	18	NaN	1
112	10	NaN	2
112	7	NaN	8
112	3	NaN	7
112	2	NaN	5
111	270	33	NaN
111	222	2	NaN
111	210	8	NaN
111	199	2	NaN
111	166	6	NaN
111	153	6	NaN
111	136	10	NaN
111	134	2	NaN
111	133	7	NaN
111	129	3	NaN
111	122	1	NaN
111	118	14	NaN
111	117	28	NaN
111	104	14	NaN
111	101	11	NaN
111	99	50	NaN
111	98	6	NaN
110	270	10	NaN
110	267	8	6
110	266	23	11
110	261	3	NaN
110	252	7	6
110	245	NaN	5
110	233	8	5
110	231	NaN	1
110	226	2	7
110	223	24	7
110	207	7	NaN
110	206	1	NaN
110	203	85	22
110	201	1	1
110	200	2	NaN
110	196	6	NaN
110	187	2	NaN
110	175	6	14
110	174	69	16
110	164	5	NaN
110	161	7	3
110	152	9	12
110	136	2	NaN
110	131	NaN	29
110	126	4	1
110	122	38	NaN
110	121	20	22
110	119	11	NaN
110	117	1	NaN
110	116	90	12
110	115	17	2
110	114	NaN	1
110	113	15	11
110	112	9	NaN
110	108	10	NaN
110	105	16	NaN
110	103	5	NaN
110	97	15	8
110	96	57	6
110	95	1	28
110	94	NaN	3
109	269	NaN	1
109	228	1	7
109	199	3	NaN
109	192	NaN	16
109	186	NaN	16
109	184	NaN	22
109	177	4	17
109	171	2	6
109	166	3	1
109	157	NaN	5
109	156	NaN	1
109	150	NaN	2
109	146	NaN	2
109	140	NaN	3
109	134	NaN	12
109	132	NaN	14
109	129	2	2
109	124	3	5
109	118	1	NaN
109	101	NaN	3
109	93	2	21
109	92	5	4
109	90	NaN	1
109	89	NaN	24
109	8	NaN	3
109	0	NaN	1
108	238	NaN	8
108	188	1	NaN
108	173	NaN	23
108	163	6	NaN
108	161	1	NaN
108	160	1	NaN
108	154	1	NaN
108	149	4	NaN
108	139	4	NaN
108	136	1	NaN
108	130	6	NaN
108	126	26	1
108	123	1	NaN
108	122	NaN	2
108	121	1	NaN
108	116	7	NaN
108	114	1	4
108	113	5	NaN
108	112	1	2
108	110	10	NaN
108	105	2	1
108	104	4	NaN
108	97	1	NaN
108	95	2	3
108	94	NaN	1
108	81	NaN	1
108	75	NaN	3
108	69	NaN	3
108	68	NaN	13
108	65	NaN	11
108	62	NaN	1
108	55	NaN	3
108	51	NaN	11
108	44	NaN	2
108	43	NaN	11
108	36	NaN	2
108	33	NaN	1
108	31	NaN	4
108	13	NaN	3
108	7	NaN	3
108	2	NaN	1
107	270	NaN	2
107	234	2	3
107	232	NaN	2
107	225	20	3
107	220	NaN	2
107	211	24	4
107	208	NaN	4
107	177	NaN	2
107	141	NaN	1
107	117	NaN	3
107	99	2	NaN
107	94	75	13
107	1	NaN	1
106	185	3	NaN
106	167	1	NaN
106	154	2	NaN
106	146	1	NaN
106	135	3	NaN
106	114	1	NaN
106	94	1	NaN
106	93	1	NaN
106	92	1	NaN
105	270	15	NaN
105	262	3	NaN
105	256	2	NaN
105	238	NaN	5
105	236	1	12
105	223	4	NaN
105	203	2	NaN
105	201	NaN	21
105	188	7	NaN
105	175	2	NaN
105	174	13	NaN
105	173	NaN	17
105	149	10	NaN
105	148	1	NaN
105	139	7	NaN
105	136	1	NaN
105	130	13	1
105	126	1	NaN
105	122	17	1
105	121	4	NaN
105	116	39	NaN
105	112	6	10
105	110	16	NaN
105	108	2	7
105	101	5	NaN
105	97	1	NaN
105	96	1	NaN
105	95	1	NaN
105	83	NaN	7
105	65	NaN	11
105	55	NaN	10
105	51	NaN	18
105	49	NaN	2
105	47	NaN	9
105	44	NaN	4
105	36	NaN	4
105	31	NaN	7
105	10	NaN	3
105	7	NaN	16
105	3	NaN	13
104	270	2	NaN
104	256	1	NaN
104	222	3	NaN
104	212	NaN	1
104	199	10	NaN
104	188	1	1
104	179	1	NaN
104	174	1	NaN
104	161	3	5
104	153	4	NaN
104	152	1	NaN
104	143	3	NaN
104	139	9	NaN
104	126	1	NaN
104	123	6	2
104	116	NaN	1
104	111	14	NaN
104	108	4	NaN
104	102	14	NaN
104	97	3	1
104	96	3	NaN
104	95	1	NaN
104	92	12	NaN
104	90	1	NaN
103	270	1	5
103	267	NaN	1
103	261	NaN	2
103	249	7	NaN
103	226	NaN	1
103	221	NaN	1
103	207	NaN	16
103	203	NaN	1
103	201	4	NaN
103	189	1	NaN
103	176	4	NaN
103	173	2	10
103	170	2	4
103	168	3	NaN
103	161	NaN	14
103	160	4	NaN
103	154	4	NaN
103	153	1	1
103	150	1	NaN
103	149	6	18
103	146	21	NaN
103	145	NaN	3
103	142	NaN	2
103	136	59	13
103	132	1	NaN
103	131	NaN	5
103	130	5	8
103	127	4	NaN
103	122	3	NaN
103	119	NaN	4
103	118	3	NaN
103	117	11	NaN
103	116	19	21
103	115	NaN	4
103	114	5	5
103	112	1	NaN
103	110	5	32
103	99	1	NaN
103	92	5	3
103	89	3	NaN
102	270	50	2
102	242	1	NaN
102	231	NaN	2
102	215	13	NaN
102	212	1	2
102	179	1	NaN
102	174	NaN	1
102	163	NaN	1
102	143	3	NaN
102	139	1	1
102	126	1	NaN
102	123	2	NaN
102	119	NaN	1
102	116	1	NaN
102	113	NaN	2
102	110	NaN	1
102	108	NaN	2
102	105	NaN	1
102	104	14	2
102	101	2	NaN
102	2	NaN	5
101	270	2	NaN
101	228	1	1
101	192	2	1
101	184	NaN	1
101	182	NaN	4
101	179	3	NaN
101	177	4	1
101	176	NaN	4
101	173	NaN	1
101	170	NaN	3
101	169	3	2
101	166	5	NaN
101	162	NaN	2
101	160	NaN	1
101	159	4	6
101	157	1	8
101	155	1	5
101	144	1	NaN
101	135	7	NaN
101	134	7	NaN
101	129	1	NaN
101	128	12	NaN
101	124	2	NaN
101	117	173	3
101	111	11	NaN
101	105	5	NaN
101	102	2	NaN
101	99	1	NaN
101	98	5	NaN
101	91	14	1
101	58	5	NaN
100	271	1	NaN
100	249	1	NaN
100	187	19	NaN
100	185	13	NaN
100	170	NaN	1
100	168	2	NaN
100	160	5	NaN
100	157	1	NaN
100	154	2	NaN
100	149	2	NaN
100	133	NaN	1
100	127	2	NaN
100	93	1	NaN
100	92	NaN	2
99	270	71	2
99	202	3	NaN
99	179	NaN	1
99	165	2	NaN
99	132	6	NaN
99	123	1	1
99	122	1	NaN
99	117	3	NaN
99	111	50	3
99	107	2	NaN
99	103	1	NaN
99	101	1	NaN
99	98	3	NaN
99	32	NaN	2
99	7	NaN	1
99	4	NaN	4
99	1	NaN	6
98	270	1	1
98	201	1	NaN
98	187	11	NaN
98	135	65	NaN
98	117	6	1
98	111	6	NaN
98	101	5	NaN
98	99	3	NaN
97	270	7	1
97	233	NaN	1
97	223	3	NaN
97	207	NaN	2
97	203	2	2
97	188	NaN	3
97	187	14	NaN
97	175	NaN	1
97	168	1	NaN
97	163	1	NaN
97	161	NaN	7
97	139	1	NaN
97	137	4	NaN
97	127	1	NaN
97	126	NaN	3
97	116	21	NaN
97	113	4	NaN
97	112	1	NaN
97	110	15	NaN
97	108	1	3
97	105	1	NaN
97	104	3	1
97	96	12	1
96	270	7	1
96	263	1	NaN
96	256	3	NaN
96	233	NaN	5
96	223	3	NaN
96	207	NaN	3
96	206	1	NaN
96	203	3	NaN
96	200	6	NaN
96	198	1	NaN
96	196	2	1
96	194	1	NaN
96	188	2	2
96	185	7	NaN
96	175	4	NaN
96	174	2	NaN
96	161	NaN	7
96	158	1	2
96	153	2	NaN
96	152	5	NaN
96	138	2	NaN
96	126	2	4
96	123	2	NaN
96	122	NaN	1
96	119	2	NaN
96	116	69	10
96	115	NaN	1
96	113	1	NaN
96	110	57	3
96	108	NaN	2
96	105	1	1
96	104	3	NaN
96	97	12	2
96	95	1	NaN
96	92	5	NaN
95	247	1	NaN
95	242	3	NaN
95	238	NaN	17
95	237	NaN	6
95	236	1	NaN
95	173	NaN	24
95	148	1	NaN
95	142	1	NaN
95	121	15	NaN
95	116	12	NaN
95	114	NaN	7
95	113	20	NaN
95	112	17	2
95	110	1	NaN
95	108	2	15
95	105	1	NaN
95	104	1	NaN
95	96	1	NaN
95	94	NaN	8
95	68	NaN	5
95	43	NaN	5
95	31	NaN	3
95	7	NaN	2
94	264	1	NaN
94	263	NaN	3
94	245	NaN	4
94	243	5	2
94	238	NaN	3
94	237	1	8
94	236	1	2
94	231	NaN	2
94	227	20	1
94	226	NaN	3
94	222	1	26
94	221	18	NaN
94	208	19	NaN
94	205	NaN	1
94	197	NaN	1
94	196	NaN	1
94	193	1	NaN
94	187	2	NaN
94	186	6	NaN
94	180	8	NaN
94	176	1	NaN
94	173	NaN	8
94	172	NaN	3
94	170	7	NaN
94	165	3	NaN
94	156	NaN	1
94	153	NaN	1
94	149	NaN	4
94	143	NaN	1
94	142	NaN	9
94	141	2	1
94	140	7	4
94	138	NaN	2
94	134	1	2
94	129	1	3
94	127	1	2
94	126	NaN	4
94	125	NaN	2
94	120	1	NaN
94	116	NaN	10
94	114	NaN	3
94	112	NaN	8
94	110	NaN	7
94	107	75	9
94	106	1	NaN
94	103	NaN	1
94	97	NaN	6
94	94	NaN	4
94	92	NaN	8
94	91	NaN	6
94	89	NaN	1
94	81	NaN	17
94	75	NaN	18
94	68	NaN	16
94	65	NaN	2
94	62	NaN	3
94	51	NaN	2
94	43	NaN	16
94	33	NaN	3
94	2	NaN	3
93	271	1	NaN
93	263	11	NaN
93	229	15	NaN
93	228	1	NaN
93	227	1	NaN
93	224	1	NaN
93	221	4	NaN
93	220	2	NaN
93	219	3	1
93	208	2	NaN
93	201	5	NaN
93	184	2	NaN
93	177	9	NaN
93	173	NaN	1
93	171	1	NaN
93	168	1	NaN
93	157	6	NaN
93	154	2	NaN
93	147	NaN	1
93	146	15	NaN
93	133	1	NaN
93	131	1	NaN
93	127	1	NaN
93	109	2	NaN
93	106	1	NaN
93	100	1	NaN
93	92	9	NaN
93	91	2	NaN
93	90	10	NaN
93	89	52	NaN
92	270	3	2
92	269	1	NaN
92	263	1	NaN
92	229	NaN	3
92	228	NaN	3
92	222	2	11
92	219	NaN	4
92	199	10	NaN
92	190	3	NaN
92	185	5	NaN
92	184	5	NaN
92	183	NaN	1
92	171	2	4
92	170	NaN	2
92	168	2	7
92	167	3	5
92	164	5	NaN
92	160	6	1
92	158	1	NaN
92	155	2	NaN
92	154	7	NaN
92	153	5	1
92	152	2	12
92	150	2	NaN
92	149	11	2
92	146	6	NaN
92	136	17	7
92	135	7	5
92	130	11	3
92	128	6	3
92	127	2	7
92	125	3	NaN
92	124	3	4
92	120	NaN	4
92	118	22	NaN
92	109	5	NaN
92	106	1	1
92	104	12	NaN
92	103	5	2
92	100	NaN	4
92	96	5	NaN
92	93	9	5
92	92	5	NaN
92	91	3	4
92	89	1	5
92	48	NaN	2
92	5	NaN	1
91	251	1	1
91	249	2	1
91	247	11	4
91	238	NaN	21
91	237	NaN	10
91	236	4	11
91	222	NaN	7
91	201	25	22
91	186	8	NaN
91	184	1	1
91	182	3	1
91	178	6	NaN
91	173	2	12
91	166	3	NaN
91	159	NaN	3
91	158	2	1
91	157	NaN	6
91	148	NaN	1
91	144	1	NaN
91	134	1	NaN
91	129	1	NaN
91	128	55	NaN
91	125	NaN	1
91	121	9	1
91	118	4	NaN
91	117	45	1
91	113	5	2
91	112	NaN	1
91	101	14	3
91	95	NaN	2
91	94	NaN	1
91	93	2	NaN
91	92	3	1
91	91	5	NaN
91	90	6	NaN
91	89	3	1
91	83	NaN	2
91	76	NaN	4
91	69	NaN	2
91	68	NaN	7
91	65	NaN	12
91	62	NaN	3
91	60	NaN	2
91	55	NaN	9
91	53	NaN	4
91	51	NaN	21
91	49	NaN	2
91	47	NaN	17
91	45	NaN	6
91	44	NaN	2
91	43	NaN	7
91	36	NaN	2
91	34	NaN	4
91	33	NaN	3
91	31	NaN	4
91	18	NaN	9
91	13	NaN	2
91	10	NaN	10
91	7	NaN	13
91	3	NaN	33
91	2	NaN	16
91	1	NaN	6
90	271	13	6
90	263	1	1
90	243	3	NaN
90	233	8	NaN
90	230	NaN	2
90	227	2	1
90	222	1	39
90	221	NaN	3
90	220	NaN	1
90	216	NaN	2
90	215	1	5
90	208	3	NaN
90	207	NaN	2
90	204	NaN	1
90	199	5	NaN
90	198	NaN	1
90	190	NaN	6
90	187	2	NaN
90	186	NaN	14
90	182	2	NaN
90	181	NaN	3
90	180	NaN	6
90	173	NaN	6
90	172	NaN	3
90	171	30	NaN
90	170	2	NaN
90	165	1	9
90	152	NaN	2
90	151	NaN	1
90	147	3	3
90	146	1	17
90	143	34	NaN
90	140	NaN	5
90	137	NaN	1
90	135	6	2
90	132	NaN	2
90	131	NaN	22
90	128	7	1
90	127	NaN	5
90	125	2	1
90	117	NaN	1
90	114	NaN	2
90	106	NaN	2
90	104	1	NaN
90	100	NaN	1
90	93	10	NaN
90	91	6	NaN
90	90	NaN	4
90	89	20	4
90	88	NaN	5
90	85	NaN	1
90	73	NaN	16
90	71	NaN	1
90	70	NaN	11
90	66	NaN	6
90	63	NaN	6
90	14	NaN	16
90	5	NaN	11
89	271	7	NaN
89	270	18	NaN
89	263	8	NaN
89	254	2	NaN
89	250	1	NaN
89	243	2	NaN
89	241	1	NaN
89	230	4	NaN
89	229	15	NaN
89	220	5	NaN
89	219	13	NaN
89	215	NaN	5
89	209	NaN	1
89	203	1	NaN
89	202	2	NaN
89	191	NaN	6
89	185	3	NaN
89	184	1	NaN
89	177	14	NaN
89	171	2	NaN
89	164	1	NaN
89	160	16	NaN
89	157	3	1
89	154	16	NaN
89	153	NaN	1
89	149	1	NaN
89	146	22	NaN
89	143	3	NaN
89	142	NaN	1
89	141	NaN	2
89	126	2	NaN
89	125	2	2
89	121	2	NaN
89	117	1	NaN
89	103	3	NaN
89	96	NaN	1
89	94	NaN	2
89	93	52	NaN
89	92	1	NaN
89	91	3	NaN
89	90	20	1
89	89	NaN	1
85	155	2	NaN
85	85	3	NaN
85	73	3	NaN
85	68	1	NaN
85	29	2	NaN
85	24	8	NaN
84	79	20	NaN
84	75	5	NaN
84	46	2	NaN
83	65	3	NaN
83	51	3	NaN
83	31	2	NaN
82	67	2	NaN
82	58	21	NaN
82	11	4	NaN
81	222	3	NaN
81	2	3	NaN
79	84	20	NaN
79	27	1	NaN
78	2	1	NaN
77	32	4	NaN
77	7	2	NaN
77	1	4	NaN
76	201	1	NaN
76	3	2	NaN
75	222	3	NaN
75	84	5	NaN
75	41	3	NaN
75	27	3	NaN
75	6	23	NaN
75	2	17	NaN
74	61	1	NaN
74	12	3	NaN
73	243	1	NaN
73	227	1	NaN
73	226	1	NaN
73	222	2	NaN
73	218	4	NaN
73	186	1	NaN
73	85	3	NaN
73	71	2	NaN
73	64	4	NaN
73	48	14	NaN
73	29	2	NaN
73	24	13	NaN
73	5	26	NaN
72	68	3	NaN
72	50	4	NaN
72	36	2	NaN
72	9	1	NaN
71	73	2	NaN
70	226	1	NaN
69	68	1	NaN
69	51	5	NaN
69	43	1	NaN
68	237	1	NaN
68	85	1	NaN
68	72	3	NaN
68	69	1	NaN
68	51	7	NaN
68	48	2	NaN
68	26	6	NaN
68	22	8	NaN
68	13	19	NaN
68	2	9	NaN
68	1	11	NaN
67	143	1	NaN
67	82	2	NaN
67	67	3	NaN
67	30	1	NaN
67	23	6	NaN
67	6	1	NaN
66	20	6	NaN
66	19	9	NaN
66	14	3	NaN
66	5	3	NaN
65	173	1	NaN
65	83	3	NaN
65	65	1	NaN
65	51	8	NaN
65	49	1	NaN
65	7	3	NaN
65	3	1	NaN
64	73	4	NaN
63	5	3	NaN
61	74	1	NaN
61	41	4	NaN
61	27	4	NaN
60	60	1	NaN
60	59	1	NaN
60	18	1	NaN
60	4	1	NaN
60	3	1	NaN
59	247	1	NaN
59	60	1	NaN
59	18	1	NaN
59	4	2	NaN
58	101	5	NaN
58	82	21	NaN
58	42	28	NaN
58	35	4	NaN
58	28	28	NaN
58	14	6	NaN
58	11	19	NaN
58	5	2	NaN
57	50	4	NaN
55	201	5	NaN
55	173	2	NaN
55	10	2	NaN
55	3	3	NaN
55	2	1	NaN
52	27	1	NaN
52	22	11	NaN
51	173	1	NaN
51	83	3	NaN
51	69	5	NaN
51	68	7	NaN
51	65	8	NaN
51	51	8	NaN
51	49	1	NaN
51	44	3	NaN
51	43	7	NaN
51	36	3	NaN
51	33	10	NaN
51	31	4	NaN
51	13	5	NaN
51	7	3	NaN
51	3	1	NaN
51	2	1	NaN
50	72	4	NaN
50	57	4	NaN
50	42	5	NaN
50	41	25	NaN
50	38	16	NaN
50	36	4	NaN
50	27	1	NaN
50	22	11	NaN
50	12	3	NaN
50	9	5	NaN
50	8	7	NaN
49	65	1	NaN
49	51	1	NaN
48	73	14	NaN
48	68	2	NaN
48	42	3	NaN
48	26	6	NaN
48	13	71	NaN
47	247	1	NaN
47	236	1	NaN
47	201	1	NaN
47	10	2	NaN
47	4	4	NaN
47	3	12	NaN
46	84	2	NaN
46	30	3	NaN
46	6	64	NaN
45	3	5	NaN
44	51	3	NaN
44	44	2	NaN
44	36	2	NaN
43	69	1	NaN
43	51	7	NaN
43	13	1	NaN
43	2	7	NaN
42	58	28	NaN
42	50	5	NaN
42	48	3	NaN
42	28	63	NaN
41	75	3	NaN
41	61	4	NaN
41	50	25	NaN
41	12	17	NaN
41	6	1	NaN
41	2	23	NaN
40	19	6	NaN
39	15	4	NaN
38	50	16	NaN
38	9	12	NaN
38	1	20	NaN
37	16	24	NaN
37	15	4	NaN
36	72	2	NaN
36	51	3	NaN
36	50	4	NaN
36	44	2	NaN
36	36	2	NaN
36	26	14	NaN
36	22	1	NaN
35	58	4	NaN
34	7	11	NaN
33	51	10	NaN
33	31	3	NaN
33	2	13	NaN
32	77	4	NaN
32	7	11	NaN
31	83	2	NaN
31	51	4	NaN
31	33	3	NaN
31	7	1	NaN
30	67	1	NaN
30	46	3	NaN
30	23	6	NaN
30	12	4	NaN
30	6	3	NaN
29	85	2	NaN
29	73	2	NaN
29	24	12	NaN
28	155	1	NaN
28	150	1	NaN
28	120	2	NaN
28	58	28	NaN
28	42	63	NaN
27	79	1	NaN
27	75	3	NaN
27	61	4	NaN
27	52	1	NaN
27	50	1	NaN
27	2	7	NaN
26	68	6	NaN
26	48	6	NaN
26	36	14	NaN
26	26	1	NaN
26	22	1	NaN
25	2	4	NaN
24	85	8	NaN
24	73	13	NaN
24	29	12	NaN
24	24	2	NaN
23	67	6	NaN
23	30	6	NaN
23	17	14	NaN
22	68	8	NaN
22	52	11	NaN
22	50	11	NaN
22	36	1	NaN
22	26	1	NaN
22	22	1	NaN
22	1	2	NaN
21	1	1	NaN
20	66	6	NaN
20	19	7	NaN
19	66	9	NaN
19	40	6	NaN
19	20	7	NaN
18	201	1	NaN
18	60	1	NaN
18	59	1	NaN
18	4	39	NaN
18	3	2	NaN
17	23	14	NaN
16	37	24	NaN
16	15	1	NaN
16	9	3	NaN
15	150	2	NaN
15	39	4	NaN
15	37	4	NaN
15	16	1	NaN
14	240	8	NaN
14	218	1	NaN
14	186	12	NaN
14	66	3	NaN
14	58	6	NaN
14	5	21	NaN
13	68	19	NaN
13	51	5	NaN
13	48	71	NaN
13	43	1	NaN
13	9	4	NaN
13	1	35	NaN
12	74	3	NaN
12	50	3	NaN
12	41	17	NaN
12	30	4	NaN
12	6	3	NaN
11	82	4	NaN
11	58	19	NaN
11	8	2	NaN
10	201	1	NaN
10	55	2	NaN
10	47	2	NaN
10	7	5	NaN
10	4	1	NaN
10	3	24	NaN
9	72	1	NaN
9	50	5	NaN
9	38	12	NaN
9	16	3	NaN
9	13	4	NaN
9	1	5	NaN
8	50	7	NaN
8	11	2	NaN
7	201	5	NaN
7	173	2	NaN
7	77	2	NaN
7	65	3	NaN
7	51	3	NaN
7	34	11	NaN
7	32	11	NaN
7	31	1	NaN
7	10	5	NaN
7	3	3	NaN
7	2	1	NaN
6	75	23	NaN
6	67	1	NaN
6	46	64	NaN
6	41	1	NaN
6	30	3	NaN
6	12	3	NaN
6	2	23	NaN
5	73	26	NaN
5	66	3	NaN
5	63	3	NaN
5	58	2	NaN
5	14	21	NaN
4	247	1	NaN
4	60	1	NaN
4	59	2	NaN
4	47	4	NaN
4	18	39	NaN
4	10	1	NaN
4	4	4	NaN
4	3	10	NaN
3	247	1	NaN
3	236	1	NaN
3	201	1	NaN
3	76	2	NaN
3	65	1	NaN
3	60	1	NaN
3	55	3	NaN
3	51	1	NaN
3	47	12	NaN
3	45	5	NaN
3	18	2	NaN
3	10	24	NaN
3	7	3	NaN
3	4	10	NaN
3	3	14	NaN
2	193	5	NaN
2	81	3	NaN
2	78	1	NaN
2	75	17	NaN
2	68	9	NaN
2	55	1	NaN
2	51	1	NaN
2	43	7	NaN
2	41	23	NaN
2	33	13	NaN
2	27	7	NaN
2	25	4	NaN
2	7	1	NaN
2	6	23	NaN
2	2	2	NaN
2	1	20	NaN
1	77	4	NaN
1	68	11	NaN
1	38	20	NaN
1	22	2	NaN
1	21	1	NaN
1	13	35	NaN
1	9	5	NaN
1	2	20	NaN
1	1	6	NaN
